fund_id,fund_name,one_month,three_month,six_month,one_year,three_year,from_start
000009,易方达天天理财货币A,0.35%,1.05%,1.99%,3.49%,11.14%,18.73%
000010,易方达天天理财货币B,0.37%,1.11%,2.11%,3.73%,11.94%,20.01%
000003,中海可转债A,-1.33%,6.82%,1.12%,-6.65%,-4.58%,-4.30%
000004,中海可转债C,-1.33%,6.65%,0.99%,-6.94%,-3.63%,-3.83%
000007,鹏华国企债债券,0.08%,2.13%,-0.92%,-7.59%,7.50%,14.59%
000001,华夏成长,1.42%,4.59%,5.56%,3.24%,19.98%,482.10%
000008,嘉实中证500ETF联接,1.78%,8.23%,-2.07%,-0.37%,35.23%,72.35%
000005,嘉实增强信用定期债券,0.20%,2.10%,2.08%,1.28%,18.90%,21.39%
000013,易方达天天理财货币R,0.37%,1.11%,2.12%,3.74%,11.97%,20.06%
000011,华夏大盘精选,-1.57%,5.85%,14.17%,14.38%,61.09%,1960.72%
000016,华夏纯债债券C,0.00%,1.87%,0.88%,-1.55%,14.02%,17.44%
000015,华夏纯债债券A,0.00%,2.01%,1.13%,-1.10%,15.41%,19.56%
000020,景顺长城品质投资混合,1.19%,11.80%,20.89%,21.68%,103.50%,103.70%
000021,华夏优势增长混合,-0.47%,4.06%,4.51%,0.54%,39.18%,246.29%
000014,华夏聚利债券,0.00%,3.00%,1.21%,-1.02%,13.83%,16.90%
000017,财通可持续混合,-0.84%,4.23%,2.80%,1.50%,46.21%,123.53%
000023,南方中票C,-0.15%,1.18%,0.34%,-1.96%,7.53%,14.51%
000024,大摩双利增强债券A,0.19%,1.44%,0.98%,1.21%,22.57%,33.60%
000025,大摩双利增强债券C,0.19%,1.28%,0.82%,0.82%,22.51%,32.68%
000028,华富保本混合,2.50%,-0.10%,1.69%,0.99%,1.38%,27.56%
000027,泰达信用合利债券B,0.10%,2.70%,1.99%,1.06%,24.96%,35.34%
000026,泰达信用合利债券A,0.19%,2.99%,2.38%,1.56%,26.26%,37.25%
000029,富国宏观策略,1.99%,5.58%,4.89%,9.49%,47.29%,67.03%
000030,长城久利保本混合,1.70%,0.00%,1.29%,0.89%,0.79%,47.32%
000031,华夏复兴混合,-1.08%,0.58%,-6.35%,-10.49%,25.45%,74.00%
000037,广发理财7天债券A,0.35%,1.05%,2.04%,3.57%,11.95%,18.36%
000033,易方达信用债债券C,-0.08%,1.33%,0.91%,0.58%,18.77%,21.50%
000032,易方达信用债债券A,-0.16%,1.31%,1.06%,0.90%,20.21%,23.70%
000038,广发理财7天债券B,0.38%,1.12%,2.19%,3.87%,12.93%,19.13%
000039,农银高增长混合,0.07%,3.11%,0.61%,-5.24%,61.26%,84.97%
000041,华夏全球精选,1.92%,7.68%,18.96%,29.49%,11.85%,1.00%
000022,南方中票A,-0.13%,1.27%,0.41%,-1.77%,8.24%,15.71%
000042,中证财通可持续发展100指,-0.34%,10.35%,8.64%,15.81%,64.49%,63.17%
000043,嘉实美国成长股票,-1.83%,0.45%,4.64%,13.42%,33.02%,55.50%
000045,工银产业债A,-0.39%,3.19%,3.10%,1.87%,33.92%,41.82%
000046,工银产业债B,-0.40%,3.15%,2.89%,1.40%,32.10%,38.97%
000044,嘉实美国成长股票现汇,-0.63%,3.47%,7.92%,13.30%,22.94%,43.10%
000047,华夏双债增强债券A,0.35%,1.94%,1.31%,-0.19%,30.74%,38.84%
000048,华夏双债增强债券C,0.26%,1.87%,1.15%,-0.46%,29.72%,37.11%
000049,中银标普全球资源等权重指数,0.40%,-0.20%,-2.82%,7.29%,-4.30%,0.10%
000050,长盛纯债债券A,-0.38%,0.76%,0.28%,0.47%,15.09%,23.26%
000051,华夏沪深300ETF联接,-0.08%,10.18%,9.09%,14.02%,65.80%,21.20%
000054,鹏华双债增利债券,0.02%,1.33%,1.31%,1.61%,23.03%,29.18%
000052,长盛纯债债券C,-0.38%,0.76%,0.09%,0.00%,14.06%,21.59%
000053,鹏华实业债纯债债券,-0.18%,0.73%,-0.03%,-3.04%,25.94%,36.01%
000056,建信消费升级混合,0.44%,7.62%,9.81%,9.35%,77.39%,83.60%
000055,广发纳斯达克100指数美元现汇,-1.23%,2.47%,9.56%,20.26%,--,40.42%
000057,中银消费主题混合,-0.57%,7.40%,4.84%,2.03%,20.98%,40.70%
000058,国联安保本混合,-0.20%,0.05%,0.81%,0.60%,-0.40%,9.07%
000059,国联安中证医药100,1.39%,0.21%,-5.47%,-8.61%,27.42%,45.76%
000061,华夏盛世混合,2.33%,-5.04%,-10.47%,-13.81%,19.23%,-7.60%
000062,银华量化智慧动力混合,0.00%,9.84%,-5.76%,-3.76%,12.15%,22.80%
000063,长盛电子信息主题灵活配置混合,3.93%,2.30%,-5.63%,-16.49%,80.38%,69.20%
000064,大摩18个月定期开放债券,0.29%,1.17%,1.76%,2.33%,30.02%,41.97%
000066,诺安鸿鑫保本混合,2.70%,0.00%,1.99%,1.28%,2.09%,34.83%
000065,国富焦点驱动混合,0.21%,5.02%,6.43%,8.13%,48.29%,61.04%
000067,民生加银转债优选A,-0.15%,8.53%,0.00%,-1.01%,-2.15%,-4.59%
000071,华夏恒生ETF联接,0.95%,5.57%,11.87%,20.57%,26.43%,43.63%
000070,国投瑞银中高等级债券C,-0.10%,1.92%,1.15%,0.02%,18.82%,29.06%
000074,工银信用纯债一年定开债券A,0.15%,2.18%,1.95%,0.46%,19.96%,31.00%
000075,华夏恒生联接现汇,2.27%,9.10%,15.45%,20.35%,17.08%,36.65%
000073,上投成长动力,1.97%,13.00%,22.40%,13.80%,37.91%,29.50%
000072,华安保本混合,2.50%,0.10%,1.89%,1.49%,1.49%,66.47%
000068,民生加银转债优选C,-0.29%,8.27%,-0.29%,-1.45%,-3.19%,-6.09%
000076,华夏恒生联接现钞,--,--,--,--,--,--
000077,工银信用纯债一年定开债券C,0.08%,1.98%,1.74%,0.00%,18.51%,28.70%
000078,工银信用纯债两年定开债券A,0.08%,0.84%,0.25%,-2.28%,12.14%,20.10%
000081,天治可转债C,-0.27%,6.88%,0.27%,-6.83%,12.47%,11.80%
000082,嘉实研究阿尔法股票,0.79%,10.14%,8.54%,12.38%,78.73%,95.88%
000083,汇添富消费行业混合,-1.11%,10.23%,17.27%,21.23%,106.87%,177.00%
000085,博时安盈债券C,0.09%,0.82%,1.18%,0.45%,8.17%,14.81%
000087,嘉实中证金边国债ETF联接A,-0.44%,-0.28%,-2.62%,-4.17%,4.45%,6.10%
000084,博时安盈债券A,0.09%,0.89%,1.35%,0.80%,9.41%,16.90%
000086,南方稳利1年定期开放债券A,-0.20%,1.33%,0.10%,-3.83%,14.04%,24.65%
000089,民生加银家盈理财月度A,0.35%,1.09%,2.09%,3.88%,12.49%,19.41%
000090,民生加银家盈理财月度B,0.37%,1.15%,2.21%,4.12%,13.30%,20.45%
000092,信诚新双盈分级债券A
000091,信诚新双盈分级债券,-0.20%,0.90%,-0.10%,-1.95%,37.61%,39.95%
000093,信诚新双盈分级债券B,-1.29%,0.71%,-1.18%,-9.13%,37.93%,41.32%
000103,国泰中国企业境外高收益债券,-0.07%,-2.69%,-1.40%,3.24%,24.95%,33.70%
000104,华宸信用增利债券,0.18%,1.40%,0.65%,0.55%,25.92%,32.73%
000079,工银信用纯债两年定开债券C,0.08%,0.77%,0.00%,-2.63%,10.98%,18.30%
000106,建信安心回报债券C,-0.09%,1.39%,0.95%,-2.01%,11.23%,18.06%
000080,天治可转债A,-0.18%,7.08%,0.53%,-6.44%,13.51%,13.40%
000107,富国稳健增强债券A/B,0.20%,1.89%,1.77%,0.82%,25.80%,36.25%
000105,建信安心回报债券A,0.00%,1.45%,1.10%,-1.65%,12.48%,20.18%
000109,富国稳健增强债券C,0.10%,1.79%,1.58%,0.43%,24.19%,33.76%
000110,金鹰元安混合A,0.18%,1.36%,1.64%,1.20%,22.03%,33.01%
000111,易方达纯债1年定开债券A,0.19%,1.91%,1.71%,1.52%,18.37%,25.64%
000112,易方达纯债1年定开债券C,0.19%,1.83%,1.54%,1.15%,17.15%,23.86%
000113,嘉实如意宝定期债券A,0.00%,1.33%,1.49%,-0.14%,19.55%,27.20%
000115,嘉实如意宝定期债券C,-0.09%,1.16%,1.21%,-0.60%,18.12%,25.09%
000117,广发轮动配置混合,1.37%,-0.55%,5.49%,5.56%,60.26%,63.30%
000116,嘉实丰益纯债定期债券,0.10%,1.73%,1.52%,0.16%,16.48%,24.79%
000118,广发聚鑫债券A,0.92%,5.04%,2.20%,-1.37%,55.46%,66.65%
000119,广发聚鑫债券C,0.92%,4.97%,2.04%,-1.72%,54.84%,65.21%
000120,中银美丽中国混合,-1.71%,4.13%,-1.41%,2.19%,21.70%,30.52%
000121,华夏永福养老理财混合A,0.00%,4.86%,4.72%,5.28%,46.78%,57.50%
000122,汇添富实业债债券A,0.00%,2.82%,2.05%,0.13%,26.29%,39.67%
000123,汇添富实业债债券C,-0.09%,2.59%,1.81%,-0.41%,24.67%,37.01%
000125,上投摩根天颐年丰混合A,0.29%,2.80%,3.10%,3.41%,27.91%,34.36%
000126,招商安润保本混合,2.30%,0.00%,1.59%,1.39%,0.89%,31.70%
000127,农银行业领先混合,0.16%,4.32%,4.82%,5.78%,79.47%,92.59%
000128,大成景安短融债券A,0.46%,2.06%,2.87%,3.31%,14.61%,24.01%
000129,大成景安短融债券B,0.49%,2.15%,3.02%,3.66%,15.81%,25.65%
000134,信诚理财28日盈A,0.35%,--,--,--,--,1.02%
000131,大成景兴信用债债券C,0.09%,1.84%,1.19%,-1.08%,33.15%,40.47%
000135,信诚理财28日盈B,0.37%,--,--,--,--,1.10%
000124,华宝服务优选混合,1.31%,7.06%,2.23%,-5.09%,78.48%,85.26%
000136,民生加银策略精选混合,0.17%,1.72%,5.58%,-0.82%,145.29%,142.10%
000137,民生加银岁岁增利A,0.29%,1.84%,1.54%,0.30%,23.07%,31.25%
000138,民生加银岁岁增利C,0.29%,1.74%,1.35%,-0.09%,21.60%,29.19%
000139,富国国有企业债债券A,0.10%,1.10%,1.50%,1.80%,14.05%,24.55%
000141,富国国有企业债C级,0.10%,1.00%,1.31%,1.40%,12.65%,22.57%
000142,融通通泰保本混合A,0.40%,0.00%,1.11%,1.21%,0.00%,17.14%
000143,鹏华双债加利债券,1.18%,4.16%,2.91%,1.43%,29.75%,38.90%
000147,易方达高等级信用债A,0.09%,1.42%,1.24%,-0.78%,13.53%,22.04%
000148,易方达高等级信用债C,0.00%,1.26%,1.08%,-1.14%,12.15%,19.89%
000149,华安双债添利债券A,0.18%,3.07%,2.40%,-0.62%,36.11%,43.46%
000150,华安双债添利债券C,0.18%,2.91%,2.05%,-1.11%,35.20%,41.96%
000130,大成景兴信用债债券A,0.18%,1.90%,1.35%,-0.72%,34.27%,42.46%
000153,大成景旭纯债C,0.09%,1.42%,1.13%,0.81%,18.81%,28.55%
000151,诺安信用一年定开债券,0.04%,1.18%,1.07%,-2.44%,20.44%,29.28%
000152,大成景旭纯债A,0.00%,1.50%,1.21%,1.08%,19.74%,30.16%
000165,国投瑞银策略精选混合,0.00%,3.15%,2.43%,4.87%,85.98%,126.99%
000166,中海安鑫保本,2.30%,0.29%,0.99%,1.59%,1.59%,35.24%
000172,华泰柏瑞量化增强混合A,0.78%,15.04%,12.49%,22.34%,114.24%,159.88%
000171,易方达裕丰回报债券,-0.20%,2.85%,3.98%,2.71%,41.19%,51.50%
000170,泰达收益增强债券B,-0.60%,1.54%,-0.50%,-1.20%,13.65%,23.99%
000173,汇添富美丽30混合,0.54%,6.82%,8.45%,4.43%,58.78%,105.30%
000167,广发聚优灵活配置混合A,-2.98%,5.50%,12.27%,13.91%,24.00%,40.00%
000174,汇添富高息债债券A,0.07%,1.09%,1.53%,3.30%,30.06%,43.07%
000177,嘉实丰益信用定期债券A,0.20%,2.00%,1.91%,2.27%,22.11%,29.41%
000178,博时灵活配置混合A,0.39%,1.45%,2.16%,1.55%,37.96%,52.17%
000175,汇添富高息债债券C,0.00%,0.96%,1.33%,2.83%,28.39%,40.46%
000176,嘉实沪深300指数研究增强,-0.10%,11.80%,12.25%,16.82%,--,24.45%
000179,广发美国房地产指数,-1.38%,-1.30%,-3.81%,-3.37%,24.98%,47.35%
000182,景顺长城四季金利债券C,-0.78%,1.43%,2.15%,1.79%,16.73%,26.71%
000180,广发美国房地产指数现汇,-0.26%,1.68%,-0.87%,-3.44%,15.59%,36.67%
000181,景顺长城四季金利债券A,-0.69%,1.59%,2.40%,2.22%,18.04%,28.63%
000183,嘉实丰益策略定期债券,0.20%,2.82%,2.10%,2.52%,21.04%,29.06%
000184,工银添福债券A,-0.96%,4.08%,1.04%,-1.78%,46.90%,65.70%
000187,华泰柏瑞丰盛纯债债券A,-0.13%,0.78%,0.90%,-0.68%,13.64%,21.71%
000185,工银添福债券B,-0.97%,3.96%,0.87%,-2.22%,44.66%,62.60%
000188,华泰柏瑞丰盛纯债债券C,-0.16%,0.69%,0.71%,-1.07%,12.64%,20.19%
000186,华泰柏瑞季季红债券,0.10%,1.29%,1.70%,0.49%,15.18%,23.56%
000189,易方达保本一号混合,5.10%,0.38%,2.24%,3.04%,2.54%,--
000190,中银新回报灵活配置混合,0.08%,2.41%,4.26%,6.59%,45.01%,55.45%
000191,富国信用债债券A,0.10%,1.70%,1.20%,-0.20%,16.51%,25.76%
000192,富国信用债债券C,0.10%,1.61%,1.00%,-0.59%,15.01%,23.56%
000193,国泰美国房地产开发股票,-4.91%,-3.89%,2.52%,2.61%,24.26%,26.00%
000194,银华信用四季红债券,0.10%,2.50%,1.29%,-0.65%,26.03%,36.27%
000195,工银保本3号混合A,1.00%,0.20%,2.12%,1.71%,0.70%,30.00%
000198,天弘余额宝货币,0.33%,1.01%,1.96%,3.39%,10.51%,17.47%
000197,富国目标收益一年期纯债债券,0.30%,1.60%,1.80%,1.49%,16.45%,25.00%
000196,工银保本3号混合B,0.30%,0.20%,1.93%,1.31%,0.00%,27.58%
000199,国泰策略收益灵活配置混合,-0.49%,1.71%,2.52%,2.89%,54.61%,68.53%
000200,博时岁岁增利一年定开债券,0.23%,1.05%,0.74%,-2.06%,23.98%,30.66%
000201,诺安泰鑫一年定期开放债券A,0.10%,1.41%,1.20%,-1.87%,15.32%,22.47%
000204,国富日日收益货币B,0.35%,1.03%,1.92%,3.27%,10.85%,16.88%
000202,富国目标收益两年期纯债债券,0.10%,1.48%,1.77%,1.86%,21.66%,31.21%
000203,国富日日收益货币A,0.33%,0.97%,1.80%,3.02%,9.98%,15.66%
000205,易方达投资级信用债债券A,0.00%,1.28%,1.10%,-1.17%,21.30%,29.31%
000206,易方达投资级信用债债券C,0.00%,1.20%,0.92%,-1.44%,20.45%,28.04%
000208,建信双债增强债券C,-0.73%,5.04%,-0.16%,-2.46%,15.38%,24.22%
000211,光大保德信现金宝货币B,0.33%,1.00%,1.95%,3.42%,10.88%,15.52%
000210,光大保德信现金宝货币A,0.30%,0.93%,1.83%,3.17%,10.09%,14.44%
000207,建信双债增强债券A,-0.64%,5.13%,0.08%,-1.96%,16.82%,26.24%
000209,信诚新兴产业混合,-0.07%,7.70%,-8.18%,-11.41%,47.04%,53.80%
000212,泰信鑫益定期开放债券A,0.19%,1.44%,0.76%,-0.37%,16.45%,22.40%
000213,泰信鑫益定期开放债券C,0.19%,1.35%,0.58%,-0.75%,14.92%,20.33%
000215,广发趋势优选灵活配置,-0.33%,2.34%,5.28%,7.12%,48.25%,59.07%
000217,华安黄金易ETF联接C,1.14%,-0.74%,-1.40%,-3.84%,8.75%,2.33%
000214,广发成长优选混合,1.39%,6.74%,7.93%,6.82%,32.12%,45.60%
000216,华安黄金易ETF联接A,1.16%,-0.67%,-1.26%,-3.60%,8.96%,2.86%
000219,博时裕益灵活配置,5.09%,13.94%,9.24%,6.91%,56.79%,49.73%
000221,汇添富年年利定期开放债券A,-0.16%,0.80%,1.21%,1.87%,18.83%,25.60%
000218,国泰黄金ETF联接A,1.10%,-0.59%,-0.95%,-2.96%,--,5.71%
000220,富国医疗保健行业混合,2.72%,-0.12%,-1.56%,-14.01%,37.54%,70.00%
000222,汇添富年年利定期开放债券C,-0.08%,0.81%,1.06%,1.56%,17.57%,23.80%
000225,长盛年年收益定期开放债券A,0.16%,1.30%,1.71%,-3.17%,17.13%,25.10%
000226,长盛年年收益定期开放债券C,0.16%,1.23%,1.56%,-3.43%,16.15%,23.70%
000227,华安年年红债券A,0.29%,1.44%,2.02%,2.80%,21.58%,31.40%
000235,诺安稳固收益一年定开债券,0.20%,1.53%,1.43%,-1.39%,10.55%,18.40%
000237,国投瑞银一年定期开放债A,0.29%,2.14%,1.95%,0.38%,17.98%,27.47%
000236,工银月月薪定期支付债券A,0.20%,2.86%,1.87%,0.55%,36.52%,47.30%
000238,国投瑞银一年定期开放债C,0.29%,2.06%,1.76%,0.19%,17.13%,26.18%
000239,华安年年盈定开债A,-0.10%,1.14%,1.67%,-4.31%,--,4.23%
000242,景顺长城策略精选,0.91%,2.39%,3.33%,8.13%,43.29%,75.90%
000241,宝盈核心优势混合C,3.15%,3.58%,-6.92%,-9.90%,29.54%,76.80%
000244,天弘稳利定期开放债券A,0.00%,0.67%,0.43%,-0.45%,21.84%,29.96%
000240,华安年年盈定开债C,-0.10%,1.04%,1.57%,-4.71%,--,3.44%
000251,工银金融地产混合,-1.69%,13.10%,11.39%,17.03%,116.63%,190.29%
000246,博时月月薪定期支付债券,-0.30%,1.02%,0.13%,-2.19%,26.74%,36.14%
000247,方正富邦互利债券,0.36%,1.55%,1.27%,2.95%,5.08%,11.60%
000245,天弘稳利定期开放债券B,-0.09%,0.58%,0.34%,-0.79%,20.50%,27.92%
000248,汇添富中证主要消费ETF联,2.24%,10.99%,15.86%,23.40%,--,24.42%
000252,景顺长城景兴信用纯债A,0.08%,2.00%,1.11%,-0.39%,17.76%,27.30%
000253,景顺长城景兴信用纯债C,0.00%,1.79%,0.89%,-0.95%,16.26%,25.10%
000255,长城增强收益定开债券C,-0.28%,1.22%,0.56%,1.02%,24.53%,33.02%
000254,长城增强收益定开债券A,-0.19%,1.31%,0.84%,1.49%,25.89%,35.11%
000256,上投摩根红利回报混合A,0.20%,2.00%,2.61%,2.09%,25.93%,37.03%
000257,上投岁岁盈定开债券A,0.10%,1.63%,1.53%,-0.81%,11.68%,18.50%
000263,工银信息产业混合,-2.32%,-4.07%,-7.88%,-19.41%,23.95%,62.63%
000258,上投岁岁盈定开债券C,0.10%,1.53%,1.43%,-1.11%,10.53%,16.83%
000259,农银区间收益混合,-1.04%,5.87%,8.37%,9.97%,99.79%,109.96%
000260,信诚季季定期支付债券,-0.60%,3.00%,3.79%,3.18%,46.32%,56.68%
000264,博时内需增长混合,-0.88%,3.68%,-6.91%,-18.15%,-11.57%,-11.83%
000269,嘉实合润双债两年期定期债券,0.00%,--,--,--,--,0.00%
000266,易方达恒久添利1年定开债券,-0.18%,1.00%,0.82%,-2.21%,--,10.60%
000265,易方达恒久添利1年定开债券,-0.09%,1.08%,0.99%,-1.84%,--,11.90%
000267,广发集利一年定期开放债券A,0.38%,1.42%,1.51%,-0.79%,32.01%,40.07%
000268,广发集利一年定期开放债券C,0.28%,1.23%,1.23%,-1.26%,30.25%,37.68%
000273,华润元大安鑫灵活配置混合,-3.17%,8.83%,3.55%,8.22%,87.98%,92.30%
000270,建信安心保本混合,2.00%,0.30%,0.99%,1.49%,2.03%,44.53%
000271,中邮定期开放债券A,0.19%,1.64%,1.25%,0.16%,22.76%,30.92%
000272,中邮定期开放债券C,0.19%,1.66%,1.36%,0.16%,21.92%,29.65%
000274,广发亚太中高收益债券,-0.25%,-2.41%,-1.78%,2.96%,23.24%,29.40%
000275,广发亚太中高收益债券现汇,1.00%,0.66%,1.50%,3.05%,14.01%,19.26%
000277,博时双月薪定期支付债券,0.00%,1.53%,1.02%,1.24%,35.24%,46.39%
000278,融通通泽灵活配置混合,3.15%,6.28%,3.96%,3.15%,25.14%,13.50%
000280,博时双债增强债券A,0.00%,0.97%,-0.44%,-3.49%,11.65%,18.91%
000279,华商红利优选灵活配置,3.92%,6.79%,-0.94%,3.08%,109.33%,116.66%
000281,博时双债增强债券C,0.09%,0.98%,-0.44%,-3.69%,10.82%,17.70%
000287,银华永利债券A,-0.57%,-0.49%,-0.33%,-1.88%,18.00%,26.97%
000286,银华信用季季红债券,0.00%,1.66%,3.66%,5.61%,21.57%,29.14%
000288,银华永利债券C,-0.58%,-0.58%,-0.50%,-2.31%,16.74%,25.14%
000289,鹏华丰泰定期开放债券A,0.01%,2.07%,0.66%,-3.28%,26.09%,32.27%
000290,鹏华全球高收益债,-0.54%,-1.42%,0.54%,5.80%,32.78%,43.78%
000292,鹏华丰信分级债券A
000294,华安生态优先混合,3.59%,22.75%,14.86%,14.09%,84.12%,87.80%
000291,鹏华丰信分级债券,0.11%,2.18%,1.57%,-0.88%,28.90%,41.51%
000293,鹏华丰信分级债券B,0.12%,2.48%,1.29%,-11.87%,22.61%,35.24%
000295,鹏华丰实定期开放债券A,-0.38%,1.26%,0.29%,-2.24%,24.04%,30.61%
000296,鹏华丰实定期开放债券B,-0.29%,1.17%,0.19%,-2.45%,22.90%,28.92%
000300,德邦德利货币A,0.31%,0.94%,1.81%,3.09%,10.34%,14.86%
000297,鹏华可转债债券,-0.12%,9.18%,3.01%,-1.04%,--,-14.40%
000298,中海纯债债券A,0.00%,1.72%,1.41%,-4.55%,14.19%,14.53%
000299,中海纯债债券C,-0.10%,1.64%,1.22%,-4.98%,12.93%,13.16%
000301,德邦德利货币B,0.33%,1.00%,1.93%,3.34%,11.14%,15.93%
000302,国泰淘金互联网债券,0.22%,1.23%,0.82%,0.15%,11.65%,17.57%
000305,中银中高等级A,0.00%,1.57%,0.78%,-0.72%,16.54%,25.69%
000303,长盛双月红定期债券A,-0.10%,1.05%,0.84%,-2.68%,11.70%,18.19%
000306,天弘弘利债券,-0.55%,0.24%,-0.08%,-0.32%,17.93%,26.30%
000304,长盛双月红定期债券C,-0.10%,1.05%,0.73%,-2.88%,10.82%,16.98%
000307,易方达黄金ETF联接A,1.10%,-0.47%,-0.95%,-3.15%,--,-0.95%
000309,大摩品质生活股票,-3.54%,0.90%,-4.11%,4.72%,84.12%,79.70%
000310,安信永利信用A,0.28%,3.21%,2.43%,1.67%,25.63%,36.05%
000308,建信创新中国混合,-1.31%,6.55%,3.95%,2.67%,110.41%,134.40%
000311,景顺长城沪深300增强,-0.51%,12.62%,14.26%,25.30%,112.39%,127.04%
000316,中海惠利纯债分级债券,0.11%,-4.66%,-4.85%,-7.79%,9.46%,15.30%
000313,华安沪深300增强C,-0.27%,16.11%,18.12%,22.33%,77.00%,78.24%
000312,华安沪深300增强A,-0.24%,16.23%,18.38%,22.93%,80.15%,82.31%
000314,招商瑞丰灵活配置混合发起式A,0.15%,3.30%,5.33%,5.84%,37.62%,51.25%
000317,中海惠利纯债分级债券A
000319,泰达淘利债券A,0.16%,1.65%,1.73%,2.07%,23.18%,23.30%
000322,农银14天理财A,0.32%,0.92%,1.68%,3.17%,10.99%,14.65%
000318,中海惠利纯债分级债券B,0.00%,1.29%,-1.57%,-13.92%,10.30%,17.69%
000320,泰达淘利债券B,0.08%,1.49%,1.49%,1.74%,22.38%,22.50%
000324,华润元大现金收益货币A,0.33%,0.99%,1.61%,2.88%,10.32%,14.49%
000325,华润元大现金收益货币B,0.35%,1.05%,1.73%,3.13%,11.12%,15.54%
000326,南方顺达,4.90%,0.10%,1.65%,1.26%,2.55%,--
000327,南方丰合,8.10%,-0.09%,2.08%,2.56%,3.45%,--
000328,上投摩根转型动力,0.18%,12.16%,19.79%,14.10%,82.37%,70.70%
000329,鹏华丰饶定开债,0.20%,0.91%,1.43%,-0.50%,--,-0.50%
000331,中加货币A,0.33%,0.99%,1.84%,3.32%,11.12%,16.34%
000330,汇添富现金宝货币,0.36%,1.08%,1.99%,3.41%,10.93%,16.45%
000332,中加货币C,0.35%,1.05%,1.96%,3.57%,11.93%,17.42%
000323,农银14天理财B,0.34%,0.98%,1.80%,3.42%,11.80%,15.66%
000333,长城稳固收益债券A,0.00%,1.11%,1.30%,0.57%,--,11.13%
000334,长城稳固收益债券C,0.00%,1.03%,1.12%,0.11%,--,10.03%
000336,农银研究精选,0.43%,2.60%,-2.43%,-8.27%,47.96%,39.38%
000341,嘉实新兴市场C2(QDII,0.81%,2.09%,3.89%,5.16%,16.06%,18.39%
000339,长城医疗保健混合,1.38%,2.23%,-1.08%,7.78%,40.84%,46.90%
000342,嘉实新兴市场A1(QDII),-0.25%,-0.76%,1.03%,5.83%,29.54%,49.62%
000343,华夏财富宝货币A,0.33%,1.05%,1.99%,3.40%,11.26%,16.30%
000346,建信安心回报两年定开债券A,0.20%,1.59%,1.98%,3.09%,17.01%,24.06%
000345,鹏华丰融定期开放债券,0.17%,1.87%,2.31%,1.70%,19.66%,27.44%
000347,建信安心回报两年定开债券C,0.10%,1.49%,1.79%,2.69%,15.77%,22.29%
000351,国富恒丰定期债券A,0.30%,1.66%,1.81%,2.07%,21.83%,29.44%
000352,国富恒丰定期债券C,0.40%,1.57%,1.73%,1.69%,20.44%,27.72%
000354,长盛城镇化主题混合,0.53%,5.13%,0.91%,1.99%,81.77%,102.86%
000338,鹏华双债保利债券,0.09%,0.67%,1.19%,-0.62%,14.47%,21.96%
000335,安信永利信用C,0.28%,3.07%,2.28%,1.32%,24.10%,34.03%
000360,信诚年年有余A,-0.17%,2.86%,2.22%,0.55%,20.15%,28.20%
000361,信诚年年有余B,-0.26%,2.72%,1.98%,0.04%,18.57%,26.15%
000359,易方达易理财货币,0.36%,1.09%,2.09%,3.74%,11.79%,16.74%
000362,国泰聚信价值优势灵活配置A,-0.25%,5.30%,0.17%,8.82%,115.18%,119.27%
000366,汇添富添富通货币A,0.31%,0.92%,1.71%,3.01%,--,7.62%
000363,国泰聚信价值优势灵活配置C,-0.33%,5.09%,-0.08%,11.19%,118.05%,123.72%
000367,国泰安康养老定期支付混合A,0.15%,3.36%,4.48%,5.38%,30.50%,35.20%
000368,汇添富沪深300安中指数,1.01%,8.19%,9.20%,15.56%,53.71%,49.99%
000369,广发全球医疗保健现钞,-3.70%,-1.09%,2.99%,4.17%,24.92%,40.28%
000370,广发全球医疗保健现汇,-2.60%,1.92%,6.16%,4.08%,15.47%,29.15%
000372,中银惠利半年定期开放债券,0.10%,1.70%,1.19%,-0.07%,18.68%,28.51%
000373,华安中证细分医药ETF联接,1.12%,0.72%,3.53%,4.04%,--,26.10%
000376,华安中证细分医药ETF联接,1.14%,0.73%,3.41%,3.75%,--,24.50%
000378,上投双债增利C,-0.10%,0.20%,-0.68%,-4.05%,34.65%,44.59%
000356,南方丰元C,-0.18%,2.36%,0.65%,-3.98%,14.80%,24.62%
000355,南方丰元A,-0.09%,2.52%,0.83%,-3.60%,16.15%,26.43%
000380,景顺长城景益货币A,0.28%,0.93%,1.76%,3.14%,9.76%,13.23%
000385,景顺长城景颐双利债券A,-0.55%,1.83%,2.41%,2.27%,33.58%,44.40%
000381,景顺长城景益货币B,0.31%,0.99%,1.88%,3.38%,10.55%,14.25%
000371,民生加银现金宝货币A,0.34%,1.05%,1.94%,3.39%,10.96%,15.98%
000388,泰达宏利瑞利债券B,0.20%,3.31%,2.46%,0.56%,24.56%,32.91%
000389,广发天天红货币A,0.39%,0.98%,1.64%,2.95%,10.77%,15.77%
000390,华商优势行业,0.30%,-0.20%,-3.32%,1.26%,96.28%,113.65%
000394,融通通源短融债券A,0.09%,0.94%,1.22%,0.84%,10.22%,16.39%
000395,汇添富安心中国债券A,0.00%,1.23%,0.79%,-0.69%,10.98%,15.20%
000396,汇添富安心中国债券C,0.09%,1.24%,0.70%,-1.04%,10.52%,14.50%
000386,景顺长城景颐双利债券C,-0.63%,1.72%,2.23%,1.79%,32.00%,42.30%
000398,华富灵活配置混合,-0.20%,0.49%,-3.23%,-3.05%,22.57%,24.90%
000379,平安大华日增利货币,0.34%,1.01%,1.89%,3.24%,10.83%,14.74%
000401,中融增鑫定期开放债券C,0.16%,1.13%,1.38%,0.89%,18.60%,25.00%
000397,汇添富全额宝货币,0.34%,1.08%,2.05%,3.56%,11.52%,15.59%
000402,工银纯债债券A,-0.77%,1.48%,-0.69%,-4.11%,19.11%,22.45%
000403,工银纯债债券B,-0.86%,1.32%,-0.91%,-4.51%,17.62%,20.79%
000404,易方达新兴成长灵活配置,4.07%,14.79%,4.18%,-8.83%,81.23%,109.50%
000406,汇添富双利增强债券A,0.08%,2.85%,1.72%,1.72%,24.28%,30.00%
000407,汇添富双利增强债券C,0.08%,2.75%,1.55%,1.40%,24.81%,30.80%
000408,民生加银城镇化混合,-0.86%,5.03%,4.87%,10.42%,133.02%,139.25%
000409,鹏华环保产业股票,2.08%,2.90%,6.17%,9.37%,59.71%,66.90%
000377,上投双债增利A,-0.10%,0.29%,-0.39%,-3.58%,35.66%,46.09%
000410,益民服务领先混合,-1.46%,6.12%,6.98%,7.44%,183.16%,175.80%
000411,景顺长城优质成长,-2.16%,4.92%,-1.79%,0.29%,31.64%,32.17%
000413,国开岁月鎏金定开信用债C,0.20%,1.69%,1.29%,-0.14%,23.90%,30.02%
000412,国开岁月鎏金定开信用债A,0.29%,1.88%,1.58%,0.34%,25.43%,31.89%
000415,大摩添利18个月开放债券A,0.36%,1.44%,1.71%,2.73%,--,23.24%
000414,嘉实绝对收益策略定期混合,-0.59%,1.54%,1.45%,2.24%,15.02%,18.70%
000405,信诚月月支付,-0.31%,1.76%,-1.09%,-1.32%,17.98%,27.30%
000416,大摩添利18个月开放债券C,0.27%,1.27%,1.46%,2.30%,--,21.78%
000417,国联安新精选灵活配置,0.16%,3.76%,3.67%,2.63%,34.57%,35.51%
000418,景顺长城成长之星,-0.78%,8.93%,7.09%,10.77%,52.69%,64.60%
000419,大摩优质信价纯债A,0.17%,1.22%,1.75%,1.93%,--,16.10%
000421,华泰柏瑞丰汇债券A,-0.37%,0.56%,0.83%,0.65%,--,8.70%
000422,华泰柏瑞丰汇债券C,-0.37%,0.75%,0.85%,0.19%,--,7.20%
000420,大摩优质信价纯债C,0.09%,1.14%,1.59%,1.59%,--,15.20%
000423,前海开源事件驱动混合A,-0.89%,5.06%,10.65%,5.96%,21.51%,22.60%
000426,大成信用增利一年定开债券A,0.09%,1.04%,1.52%,0.85%,20.66%,27.17%
000424,长盛添利宝货币A,0.30%,0.89%,1.71%,3.00%,10.19%,14.00%
000427,大成信用增利一年定开债券C,0.09%,0.95%,1.14%,0.19%,18.80%,24.98%
000429,易方达聚盈分级债券发起式A
000428,易方达聚盈分级债券发起式,0.09%,1.63%,1.02%,-0.75%,17.69%,24.84%
000430,易方达聚盈分级债券发起式B,-0.05%,2.14%,-0.19%,-5.77%,25.80%,41.96%
000431,鹏华品牌传承混合,-1.06%,8.38%,15.37%,12.91%,28.82%,31.53%
000432,中银优秀企业混合,2.15%,7.20%,-5.65%,-5.42%,35.63%,51.90%
000400,中融增鑫定期开放债券A,0.24%,1.28%,1.60%,1.36%,19.96%,26.80%
000433,安信鑫发优选混合,0.98%,11.02%,3.77%,3.16%,18.23%,23.90%
000435,建信稳定添利债券A,-0.35%,3.73%,3.07%,2.16%,36.01%,46.61%
000434,新华壹诺宝货币A,0.33%,0.98%,1.89%,3.39%,10.09%,13.33%
000436,易方达裕惠定开混合发起式,0.06%,2.93%,2.26%,2.81%,58.58%,71.90%
000437,融通月月添利定开债券A,0.10%,1.66%,-1.41%,-5.59%,--,11.61%
000439,国金鑫盈货币,0.29%,0.89%,1.75%,3.13%,10.97%,14.20%
000438,融通月月添利定开债券B,0.10%,1.56%,-1.51%,-5.89%,--,10.43%
000452,南方医保,-0.53%,0.88%,4.24%,5.34%,67.14%,78.53%
000457,上投摩根核心成长,-0.05%,10.29%,25.46%,31.06%,119.02%,131.72%
000462,农银主题轮动混合,-0.65%,11.83%,12.86%,13.44%,--,16.07%
000458,英大领先回报发起式,-1.51%,10.18%,8.79%,18.27%,43.27%,53.68%
000464,嘉实活期宝货币,0.34%,1.04%,1.96%,3.36%,11.64%,15.93%
000463,华商双债丰利债券A,-0.64%,1.21%,-1.94%,-0.94%,50.66%,69.64%
000465,景顺长城鑫月薪定期支付债券,0.00%,0.91%,1.50%,1.79%,17.95%,20.78%
000466,融通通瑞债券A/B,-0.28%,2.51%,2.81%,1.43%,9.53%,14.02%
000471,富国城镇发展股票,0.17%,-1.58%,-7.20%,-8.77%,76.28%,126.52%
000467,信诚惠报债券A,-1.25%,-0.19%,0.88%,-0.10%,--,2.90%
000469,富国目标齐利一年期纯债债券,0.19%,1.93%,1.64%,1.05%,16.71%,16.59%
000475,广发天天利货币A,0.33%,1.02%,1.96%,3.46%,10.46%,12.86%
000473,广发集鑫债券A,0.26%,1.33%,1.69%,2.14%,13.14%,17.44%
000474,广发集鑫债券C,0.26%,1.30%,1.57%,1.92%,16.59%,20.55%
000477,广发主题领先混合,3.16%,9.77%,3.22%,2.54%,67.85%,69.70%
000476,广发天天利货币B,0.35%,1.08%,2.08%,3.71%,11.26%,13.81%
000478,建信中证500指数增强,2.08%,10.56%,-0.39%,5.47%,102.33%,137.09%
000479,信诚惠报债券B,-1.36%,-0.29%,0.69%,-0.88%,--,1.90%
000480,东方红新动力混合,0.13%,8.33%,9.25%,16.21%,129.46%,146.44%
000483,鑫元货币A,0.31%,0.95%,1.85%,3.25%,10.47%,14.00%
000484,鑫元货币B,0.33%,1.01%,1.97%,3.50%,11.27%,15.00%
000481,华商双债丰利债券C,-0.72%,1.06%,-2.19%,-1.42%,47.92%,65.67%
000425,长盛添利宝货币B,0.33%,0.96%,1.83%,3.25%,10.99%,14.99%
000485,嘉实1个月理财债券A,0.37%,0.39%,0.82%,--,--,1.20%
000486,嘉实1个月理财债券E,0.39%,0.41%,0.86%,1.26%,1.26%,1.91%
000487,嘉实3个月理财债券A,0.36%,1.07%,1.07%,1.07%,--,2.13%
000488,嘉实3个月理财债券E,0.39%,1.14%,2.34%,3.06%,--,4.28%
000489,光大保德信岁末红利纯债A,0.00%,1.43%,1.13%,-0.49%,13.45%,13.57%
000495,南方现金通货币C,0.37%,1.10%,2.12%,3.83%,12.22%,15.47%
000494,南方现金通货币B,0.36%,1.09%,2.09%,3.76%,12.00%,15.20%
000490,光大保德信岁末红利纯债C,-0.04%,1.31%,0.91%,-1.09%,11.87%,11.99%
000496,长安产业精选混合A,0.77%,11.53%,10.34%,12.87%,32.46%,36.43%
000497,财通纯债债券A,0.13%,1.11%,0.05%,-1.10%,3.45%,3.45%
000493,南方现金通货币A,0.36%,1.08%,2.06%,3.71%,11.83%,14.98%
000500,华富恒富分级债券,0.10%,1.31%,2.37%,3.16%,18.28%,21.59%
000501,华富恒富分级债券A
000502,华富恒富分级债券B,0.20%,1.41%,0.84%,1.32%,20.20%,25.49%
000505,国寿安保货币A,0.31%,0.94%,1.79%,3.09%,10.25%,13.58%
000503,中信建投稳信一年A,0.19%,2.57%,1.86%,2.35%,16.10%,20.86%
000504,中信建投稳信一年C,0.10%,2.41%,1.69%,1.89%,14.56%,19.03%
000506,国寿安保货币B,0.33%,1.00%,1.91%,3.33%,11.05%,14.56%
000509,广发钱袋子货币A,0.35%,1.05%,2.04%,3.58%,11.51%,14.94%
000508,泰达宏利养老混合B,0.82%,5.04%,6.15%,8.54%,28.59%,30.90%
000507,泰达宏利养老混合A,0.89%,5.20%,6.69%,9.02%,31.04%,33.66%
000513,富国高端制造行业股票,3.40%,10.63%,9.20%,2.15%,43.13%,52.00%
000511,国泰国策驱动灵活配置混合A,0.31%,4.67%,7.17%,9.28%,52.41%,61.40%
000512,国泰结构转型灵活配置混合A,0.33%,4.93%,6.21%,7.58%,69.54%,83.10%
000510,诺安永鑫收益一年定开债券,0.30%,1.54%,1.85%,-1.49%,16.26%,17.19%
000516,富国祥利一年期定期开放债券型A
000523,国投瑞银医疗保健混合,0.98%,0.90%,-9.31%,-7.83%,52.32%,60.85%
000517,富国祥利一年期定期开放债券型C
000520,上银新兴价值成长混合,-1.28%,2.40%,-6.64%,0.98%,72.57%,78.44%
000524,上投摩根民生需求,-1.20%,-0.57%,-2.98%,-10.25%,87.32%,95.57%
000527,南方新优享,-1.60%,5.38%,9.01%,18.59%,114.53%,121.40%
000526,国泰浓益灵活配置混合A,0.58%,5.03%,5.59%,5.92%,34.83%,37.80%
000528,工银薪金货币A,0.33%,0.96%,1.67%,2.89%,9.93%,12.56%
000530,招商丰盛稳定增长混合A,-0.49%,0.66%,-0.25%,-1.30%,17.78%,21.20%
000529,广发竞争优势混合,3.12%,13.45%,16.33%,15.68%,62.22%,65.30%
000531,东吴阿尔法灵活配置混合,1.13%,13.00%,9.39%,6.98%,10.74%,16.50%
000532,景顺长城优势企业混合,0.13%,4.77%,12.87%,12.14%,45.75%,56.10%
000533,永赢货币,0.36%,1.07%,2.04%,3.42%,11.11%,12.86%
000535,长盛航天海工装备灵活配置,2.71%,5.80%,-9.80%,-7.43%,36.96%,56.95%
000534,长盛高端装备制造灵活配置,-0.59%,4.16%,-1.80%,-2.61%,31.64%,52.70%
000536,前海开源可转债债券,0.24%,11.44%,8.52%,4.55%,10.48%,18.22%
000539,中银活期宝货币,0.33%,0.98%,1.85%,3.24%,11.01%,13.94%
000540,国金金腾通货币A,0.34%,1.05%,2.00%,3.56%,12.31%,15.34%
000538,诺安优势行业混合A,-0.08%,2.12%,0.62%,-1.81%,28.66%,30.20%
000541,华商创新成长灵活配置,-2.17%,-4.24%,-12.20%,-22.41%,29.66%,48.56%
000542,上银慧财宝货币A,0.28%,0.81%,1.52%,2.74%,10.23%,12.70%
000543,上银慧财宝货币B,0.30%,0.87%,1.65%,2.99%,11.02%,13.64%
000546,兴业定开债券A,0.35%,2.44%,2.25%,1.98%,21.84%,28.79%
000547,建信健康民生混合,0.79%,3.03%,3.27%,5.06%,106.54%,117.90%
000545,中邮核心竞争力混合,-0.28%,-5.67%,-15.22%,-25.99%,29.71%,43.20%
000548,鹏华聚财通货币,0.35%,1.06%,--,--,--,1.11%
000550,广发新动力混合,3.51%,8.77%,4.03%,1.61%,81.96%,126.90%
000549,华安大国新经济股票,1.56%,8.53%,3.11%,1.33%,59.35%,75.60%
000551,信诚幸福消费混合,2.88%,6.98%,8.93%,6.24%,65.63%,85.50%
000552,中加纯债一年A,0.28%,2.74%,2.82%,2.45%,29.81%,35.40%
000553,中加纯债一年C,0.18%,2.65%,2.65%,2.10%,28.48%,33.75%
000554,中国梦基金,0.94%,5.23%,4.14%,2.03%,48.96%,50.90%
000557,国投新机遇混合C,-1.15%,-0.90%,-1.79%,-0.74%,33.90%,35.78%
000556,国投新机遇混合A,-1.20%,-0.73%,-1.52%,-0.11%,35.86%,38.17%
000559,诺安天天宝A,0.34%,1.02%,1.91%,3.19%,9.55%,11.09%
000560,诺安天天宝E,0.36%,1.06%,1.98%,3.34%,10.04%,11.65%
000561,南方启元A,0.00%,1.69%,0.93%,-1.46%,11.58%,11.80%
000562,南方启元C,0.00%,1.52%,0.66%,-1.92%,10.17%,10.39%
000564,南方通利C,-0.19%,0.69%,0.19%,-0.96%,24.07%,25.80%
000567,广发聚祥灵活混合,-0.81%,4.40%,4.72%,2.58%,65.25%,70.70%
000566,华泰柏瑞创新升级混合,2.47%,9.95%,12.77%,13.79%,91.13%,115.40%
000571,中邮双动力混合,-0.40%,-2.84%,-4.80%,-6.75%,42.61%,50.60%
000572,中银多策略混合,0.15%,2.27%,4.64%,6.36%,39.13%,41.91%
000569,鹏华增值宝货币,0.35%,1.02%,1.94%,3.35%,11.11%,13.70%
000573,天弘通利混合,0.25%,2.34%,3.41%,4.42%,23.04%,26.36%
000575,兴全添利宝货币,0.33%,1.00%,1.90%,3.42%,11.46%,14.29%
000574,宝盈新价值混合,2.62%,7.71%,0.44%,-7.50%,99.80%,106.00%
000563,南方通利A,-0.10%,0.88%,0.49%,-0.48%,24.32%,26.19%
000578,鑫元一年定期开放债券A,-0.10%,0.78%,-0.85%,-1.39%,-3.52%,-0.91%
000577,安信价值精选股票,0.54%,11.03%,14.02%,24.51%,139.22%,158.60%
000576,中邮货币A,0.32%,0.96%,1.83%,3.16%,9.96%,10.67%
000581,嘉实活钱包货币A,0.34%,1.03%,1.97%,3.33%,11.19%,13.65%
000579,鑫元一年定期开放债券C,-0.03%,0.74%,-1.12%,-1.77%,-4.59%,-2.11%
000583,江信聚福,-0.40%,2.17%,-0.46%,-4.08%,27.54%,32.52%
000584,新华鑫益灵活配置混合,3.21%,9.20%,0.45%,6.25%,75.05%,76.80%
000585,嘉实对冲套利定期混合,-0.46%,1.23%,0.28%,1.23%,6.45%,7.30%
000587,大成灵活配置混合,-0.91%,3.44%,5.76%,9.22%,91.25%,116.68%
000586,景顺中小板创业板精选股票,-1.00%,-2.64%,-13.36%,-15.45%,39.17%,47.80%
000588,招商招钱宝货币A,0.35%,1.04%,2.01%,3.57%,11.12%,13.35%
000589,光大保德信银发商机混合,4.37%,12.07%,0.83%,-1.02%,62.48%,81.61%
000580,中邮货币B,0.34%,1.02%,1.95%,3.41%,10.76%,11.11%
000590,华安新活力混合,-0.15%,4.90%,5.71%,6.36%,35.21%,37.10%
000592,建信改革红利股票,1.30%,10.87%,11.33%,12.71%,101.53%,110.20%
000591,中银健康生活混合,1.12%,8.61%,-0.07%,-1.63%,39.65%,45.10%
000593,易方达标普消费品指数现汇,2.06%,5.36%,14.96%,20.79%,8.32%,5.63%
000596,前海开源中证军工指数A,1.20%,5.52%,-14.96%,-15.06%,17.65%,43.30%
000597,中海积极收益混合,0.68%,3.58%,4.13%,5.58%,20.42%,21.62%
000598,长盛生态环境主题混合,1.67%,9.40%,5.76%,3.96%,--,52.40%
000599,信诚薪金宝货币,0.33%,0.98%,1.85%,3.21%,10.47%,11.77%
000600,汇添富和聚宝货币,0.36%,1.07%,2.02%,3.61%,12.24%,13.09%
000595,嘉实泰和混合,1.78%,7.85%,9.80%,6.67%,80.24%,106.20%
000594,大摩进取优选股票,0.62%,8.93%,3.09%,6.52%,52.28%,63.40%
000603,易方达创新驱动灵活配置混合,2.06%,0.45%,-2.94%,-10.89%,--,-10.80%
000604,银华多利宝货币A,0.36%,1.06%,2.04%,3.61%,10.79%,11.88%
000605,银华多利宝货币B,0.38%,1.12%,2.16%,3.86%,11.54%,12.71%
000602,富国安益货币,0.35%,1.06%,2.00%,3.48%,8.66%,9.33%
000607,招商招钱宝货币B,0.35%,1.04%,2.01%,3.57%,11.12%,12.80%
000609,华商新量化灵活配置混合,-0.48%,3.59%,-3.29%,-1.91%,47.05%,64.40%
000606,天弘优选债券
000612,华宝生态中国混合,2.94%,8.81%,7.15%,3.97%,109.07%,110.74%
000614,华安德国30(DAX)联接,-0.67%,-2.70%,8.29%,15.21%,18.90%,18.90%
000615,长城工资宝货币A,0.36%,1.08%,2.02%,3.04%,10.02%,10.69%
000613,国寿安保沪深300指数,0.25%,9.77%,8.45%,13.10%,62.10%,69.44%
000616,上投摩根优信增利债券A,-0.07%,1.80%,-1.17%,-3.22%,34.46%,35.40%
000617,上投摩根优信增利债券C,-0.15%,1.67%,-1.40%,-3.61%,32.80%,33.60%
000601,华宝创新优选混合,3.83%,12.04%,15.08%,10.40%,16.63%,17.57%
000618,嘉实薪金宝货币,0.32%,0.98%,1.90%,3.26%,10.93%,12.42%
000620,易方达现金增利货币A,0.37%,1.15%,2.21%,3.87%,--,8.98%
000619,东方红产业升级混合,-0.04%,11.72%,18.37%,23.07%,157.41%,172.60%
000623,华富恒财分级债券A
000624,华富恒财分级债券B,0.19%,1.56%,1.66%,1.96%,23.95%,23.83%
000625,诺安天天宝B,0.36%,1.06%,2.00%,3.57%,11.18%,12.80%
000626,大成丰财宝货币A,0.32%,0.94%,1.79%,3.27%,10.53%,11.15%
000621,易方达现金增利货币B,0.39%,1.21%,2.33%,4.12%,--,9.65%
000628,大成高新技术产业股票,0.55%,9.34%,17.51%,24.09%,--,46.30%
000629,圆信永丰纯债A,0.09%,1.93%,2.13%,0.19%,21.70%,24.14%
000622,华富恒财分级债券,0.19%,1.56%,1.66%,1.96%,19.83%,21.27%
000627,大成丰财宝货币B,0.34%,1.00%,1.91%,3.52%,11.34%,11.99%
000632,中银聚利分级债券A
000633,中银聚利分级债券B
000634,富国天盛灵活配置混合,2.01%,5.72%,4.47%,7.71%,43.76%,58.01%
000638,富国富钱包货币,0.36%,1.06%,1.97%,3.40%,11.55%,13.14%
000639,宝盈祥瑞养老混合,0.16%,1.38%,1.38%,0.67%,45.49%,50.29%
000640,诺安理财宝货币A,0.35%,1.04%,1.93%,3.29%,10.50%,12.00%
000641,诺安理财宝货币B,0.35%,1.04%,1.93%,3.29%,10.63%,12.07%
000642,汇添富货币C,0.30%,0.92%,1.78%,3.09%,9.57%,10.59%
000644,招商招金宝货币A,0.30%,0.92%,1.79%,3.38%,9.93%,10.49%
000645,华夏薪金宝货币,0.35%,1.06%,1.93%,3.38%,11.26%,12.35%
000646,华润元大医疗保健量化混合,-2.17%,-6.02%,-6.89%,-7.31%,21.70%,21.70%
000647,易方达财富快线货币A,0.35%,1.05%,2.02%,3.64%,11.24%,12.10%
000648,易方达财富快线货币B,0.37%,1.11%,2.14%,3.89%,12.04%,12.96%
000630,圆信永丰纯债C,0.10%,1.84%,1.94%,-0.10%,20.17%,22.45%
000650,汇添富货币D,0.30%,0.92%,1.78%,3.09%,9.57%,10.59%
000651,招商招金宝货币B,0.32%,0.98%,1.91%,3.63%,10.72%,11.32%
000652,博时裕隆混合,3.14%,6.55%,-5.23%,0.48%,81.06%,91.20%
000654,华商新锐产业混合,0.18%,4.00%,-19.02%,-21.95%,14.18%,16.57%
000655,鑫元稳利债券,0.23%,2.14%,1.76%,2.11%,20.82%,22.63%
000656,前海开源沪深300指数,1.63%,9.02%,5.15%,8.12%,48.27%,49.46%
000657,银华活钱宝货币A,0.00%,0.00%,0.00%,0.00%,1.18%,1.71%
000658,银华活钱宝货币B,0.00%,0.00%,0.00%,0.00%,1.26%,1.77%
000649,长城久鑫保本混合,2.40%,0.10%,0.99%,0.99%,0.69%,25.11%
000660,银华活钱宝货币D,0.00%,0.00%,0.00%,0.00%,2.23%,2.61%
000659,银华活钱宝货币C,0.00%,0.00%,0.00%,0.00%,1.50%,2.03%
000662,银华活钱宝货币F,0.35%,1.08%,2.07%,3.57%,9.92%,9.92%
000661,银华活钱宝货币E,0.00%,0.00%,0.00%,0.00%,3.09%,3.09%
000663,国投瑞银美丽中国混合,-2.01%,2.61%,-4.39%,-5.50%,67.94%,68.94%
000665,博时现金收益货币B,0.31%,0.89%,1.72%,3.10%,10.69%,11.84%
000667,工银绝对收益混合发起A,0.18%,1.00%,2.03%,2.31%,10.47%,10.80%
000668,国寿安保尊享债券A,0.15%,1.79%,1.48%,2.11%,30.24%,30.50%
000664,国联安通盈混合A,0.16%,3.07%,3.15%,3.33%,29.33%,30.23%
000672,工银绝对收益混合发起B,0.19%,0.85%,1.71%,1.51%,7.09%,7.30%
000674,中海惠祥分级债券,0.00%,3.25%,-8.90%,-11.00%,--,-2.24%
000675,中海惠祥分级债券A
000676,中海惠祥分级债券B,0.00%,3.26%,0.11%,-11.62%,--,6.67%
000669,国寿安保尊享债券C,0.15%,1.65%,1.33%,1.73%,29.34%,29.60%
000677,工银现金货币,0.34%,1.03%,1.96%,3.47%,--,10.32%
000678,华宝兴业现金宝货币E,0.34%,1.02%,1.97%,3.53%,10.84%,11.36%
000679,招商丰利灵活配置混合A,-0.42%,1.54%,-0.17%,-1.33%,18.68%,18.80%
000681,信达澳银慧管家A,0.33%,0.99%,1.93%,3.46%,11.33%,11.70%
000682,信达澳银慧管家C,0.35%,1.05%,2.05%,3.71%,12.10%,12.50%
000684,长盛养老健康产业灵活配置,1.98%,7.60%,2.14%,0.62%,--,28.90%
000685,上投摩根现金管理货币,0.25%,0.72%,1.40%,2.46%,7.10%,7.11%
000683,信达澳银慧管家E,0.30%,0.91%,1.77%,3.15%,10.36%,10.69%
000687,南方薪金宝,0.33%,1.03%,1.95%,3.48%,10.89%,11.33%
000688,景顺长城研究精选股票,0.72%,14.08%,12.43%,9.79%,41.57%,42.85%
000689,前海开源新经济混合,-0.41%,9.38%,7.62%,5.44%,20.10%,20.10%
000690,前海开源大海洋混合,1.34%,4.67%,-14.26%,-13.74%,-1.79%,-1.40%
000692,汇添富双利债券C,0.15%,4.76%,2.56%,0.66%,34.65%,36.40%
000693,建信现金添利货币A,0.34%,1.00%,1.88%,3.29%,--,10.36%
000694,鑫元鸿利债券,0.34%,2.32%,1.88%,1.71%,18.24%,19.30%
000686,建信嘉薪宝货币A,0.33%,1.00%,2.00%,3.47%,11.21%,12.05%
000696,汇添富环保行业股票,4.44%,1.95%,-0.84%,1.73%,--,41.20%
000697,汇添富移动互联股票,5.38%,2.46%,-5.99%,-16.84%,--,33.30%
000698,宝盈科技30混合,0.49%,4.72%,0.77%,-9.70%,44.01%,44.30%
000695,大成景益平稳收益混合,-0.07%,2.37%,1.28%,0.49%,39.05%,42.80%
000699,中银薪钱包货币,0.37%,1.03%,1.76%,3.08%,10.59%,11.28%
000700,泰达宏利货币B,0.33%,1.02%,1.93%,3.36%,11.35%,11.62%
000701,景顺长城景丰货币A,0.32%,0.96%,1.79%,3.07%,--,9.71%
000704,易方达天天增利货币A,0.35%,1.05%,1.99%,3.45%,11.04%,11.75%
000705,易方达天天增利货币B,0.37%,1.11%,2.11%,3.70%,11.84%,12.60%
000706,中邮多策略混合,-1.27%,-1.19%,0.16%,3.32%,23.98%,24.60%
000707,景顺长城景丰货币B,0.34%,1.02%,1.91%,3.32%,--,10.47%
000708,华安安享混合,0.09%,1.10%,1.10%,2.04%,--,10.30%
000709,华安汇财通货币,0.36%,1.06%,1.99%,3.44%,10.79%,11.25%
000710,交银现金宝货币A,0.29%,0.85%,1.58%,2.75%,--,9.19%
000711,嘉实医疗保健股票,-0.44%,-1.02%,3.51%,3.44%,35.09%,35.50%
000712,上投摩根天添宝货币A,0.29%,0.91%,1.79%,2.97%,--,6.66%
000713,上投摩根天添宝货币B,0.32%,0.97%,1.91%,3.22%,--,7.34%
000714,诺安稳健回报灵活配置混合,0.15%,1.52%,1.37%,2.05%,--,36.64%
000715,民生加银家盈理财月度E,0.35%,1.09%,2.09%,3.88%,--,12.43%
000716,工银薪金货币B,0.35%,1.02%,1.79%,3.15%,11.24%,11.90%
000717,融通转型三动力灵活配置混合,-0.32%,6.13%,7.59%,8.72%,--,24.70%
000719,南方现金通E,0.35%,1.06%,2.03%,3.64%,11.62%,12.28%
000720,南方稳利1年定开债券C,-0.30%,1.23%,-0.10%,-4.14%,12.71%,12.93%
000721,兴业货币A,0.31%,0.94%,1.77%,3.09%,9.80%,9.84%
000722,兴业货币B,0.33%,1.01%,1.90%,3.34%,10.59%,10.63%
000724,大成添利宝货币A,0.32%,1.00%,1.92%,3.39%,10.69%,10.81%
000723,建信稳定添利债券C,-0.47%,3.48%,2.70%,1.56%,--,31.80%
000725,大成添利宝货币B,0.34%,1.06%,2.04%,3.64%,11.47%,11.59%
000726,大成添利宝货币E,0.33%,1.03%,1.97%,3.50%,11.04%,11.16%
000727,融通健康产业灵活配置混合,4.43%,3.47%,-11.05%,-10.34%,--,1.40%
000728,工银目标收益一年定开债券,0.37%,2.67%,0.55%,-3.45%,11.81%,11.81%
000730,博时现金宝货币A,0.35%,1.05%,1.92%,3.37%,--,10.42%
000729,建信中小盘先锋股票,-2.13%,4.17%,1.93%,-5.39%,42.30%,42.30%
000734,博时天天增利货币A,0.31%,0.92%,1.73%,3.09%,--,9.69%
000735,博时天天增利货币B,0.33%,0.98%,1.86%,3.34%,--,10.49%
000736,诺安聚利债券A,0.00%,1.50%,1.69%,1.34%,--,15.02%
000737,诺安聚利债券C,0.09%,1.41%,1.51%,0.97%,--,13.59%
000738,中信建投货币,0.29%,0.81%,1.52%,2.62%,9.04%,9.11%
000740,兴银货币B,0.34%,0.96%,1.75%,3.11%,--,10.20%
000741,兴银货币A,0.32%,0.91%,1.65%,2.90%,--,9.59%
000742,国泰新经济灵活配置混合,2.09%,18.95%,26.82%,33.51%,--,152.47%
000743,红塔红土盛世普益混合发起式,0.58%,6.35%,0.67%,2.73%,--,27.04%
000739,平安大华新鑫先锋A,-1.39%,6.66%,3.65%,-6.42%,--,13.70%
000745,北信瑞丰稳定收益C,0.19%,1.41%,1.69%,1.89%,--,26.44%
000744,北信瑞丰稳定收益A,0.18%,1.50%,1.78%,2.07%,--,27.16%
000747,广发逆向策略混合,-0.33%,2.98%,-4.43%,-5.16%,--,48.80%
000748,广发活期宝货币A,0.38%,1.13%,2.15%,3.63%,--,10.40%
000749,国金鑫安保本,1.50%,0.10%,0.69%,1.20%,2.03%,--
000750,安信现金增利,0.30%,0.96%,1.85%,3.27%,--,9.28%
000751,嘉实新兴产业股票,0.96%,11.50%,22.32%,26.49%,--,89.10%
000752,博时优势收益信用债券,-0.20%,2.22%,1.30%,-0.20%,--,16.90%
000753,华宝兴业量化对冲混合A,-0.06%,0.88%,2.05%,3.75%,--,22.25%
000746,招商行业精选股票,-0.41%,8.87%,10.70%,6.78%,--,44.80%
000754,华宝兴业量化对冲混合C,-0.09%,0.78%,1.83%,4.46%,--,22.08%
000755,富安达新兴成长混合,5.25%,24.86%,24.92%,3.65%,--,32.54%
000756,建信潜力新蓝筹股票,-3.52%,1.41%,1.11%,2.08%,--,37.10%
000757,华富智慧城市灵活配置混合,0.32%,5.87%,-6.85%,-11.68%,--,4.00%
000758,招商招钱宝货币C,0.35%,1.04%,2.01%,3.58%,--,10.99%
000760,工银财富货币A,0.29%,0.90%,1.75%,3.19%,--,6.17%
000761,国富健康优质生活股票,0.17%,7.89%,4.08%,3.52%,--,14.80%
000762,汇添富绝对收益定开混合,0.10%,1.49%,--,--,--,1.90%
000763,工银新财富灵活配置混合,0.14%,1.80%,-0.54%,-4.11%,--,46.90%
000764,万家货币E,0.32%,0.96%,1.81%,3.18%,--,10.39%
000765,上投岁岁盈定开债券B,0.20%,1.53%,1.43%,-6.49%,--,-1.39%
000766,上投岁岁盈定开债券D,0.20%,1.54%,1.33%,-6.24%,--,-1.49%
000759,平安大华财富宝货币,0.38%,1.12%,2.09%,3.68%,11.97%,12.02%
000767,华富国泰民安灵活配置混合,-2.12%,6.61%,3.10%,10.37%,--,6.40%
000768,长城久盈纯债分级债券,0.00%,2.30%,-1.91%,-1.78%,--,30.33%
000769,长城久盈纯债分级债券A
000770,长城久盈纯债分级债券B,0.00%,2.20%,0.62%,-1.76%,--,35.18%
000771,诺安聚鑫宝货币A,0.32%,1.00%,1.92%,3.26%,--,10.53%
000773,万家现金宝A,0.32%,1.00%,1.85%,3.20%,--,8.75%
000772,景顺长城中国回报灵活配置,1.18%,4.54%,4.29%,4.97%,--,28.90%
000774,天弘瑞利分级债券,0.17%,2.04%,1.95%,3.45%,--,21.29%
000775,天弘瑞利分级债券A
000776,天弘瑞利分级债券B,0.25%,1.92%,1.75%,2.26%,--,22.10%
000779,诺安聚鑫宝货币B,0.32%,1.00%,1.92%,3.26%,--,10.59%
000778,鹏华先进制造股票,0.90%,8.03%,3.69%,9.99%,--,57.40%
000780,鹏华医疗保健股票,0.00%,-6.03%,-12.91%,-11.45%,--,10.60%
000781,国投岁增利一年定开债券A,0.19%,1.76%,1.46%,0.77%,--,15.05%
000783,博时月月盈短期理财债券A,0.35%,0.92%,0.92%,0.92%,--,1.25%
000782,国投岁增利一年定开债券C,0.10%,1.67%,1.28%,0.38%,--,13.87%
000785,华融现金增利货币A,0.31%,0.98%,1.84%,3.32%,--,9.14%
000784,博时月月盈短期理财债券R,0.35%,0.92%,1.59%,1.88%,--,2.21%
000786,华融现金增利货币B,0.33%,1.04%,1.96%,3.57%,--,9.90%
000787,华融现金增利货币C,0.31%,0.98%,1.84%,3.32%,--,9.15%
000788,前海开源中国成长混合,0.19%,0.77%,-8.52%,-7.79%,--,12.29%
000789,易方达龙宝货币A,0.35%,1.05%,2.02%,3.57%,--,10.57%
000790,易方达龙宝货币B,0.37%,1.11%,2.14%,3.82%,--,11.35%
000792,招商定期宝六个月期理财债券,0.40%,--,--,--,--,0.68%
000793,工银高端制造股票,1.72%,4.47%,-1.18%,-1.86%,--,0.50%
000794,宝盈睿丰创新混合A,1.52%,8.06%,-8.75%,-22.75%,--,27.30%
000796,宝盈睿丰创新混合C,1.39%,7.83%,-9.09%,-23.38%,--,17.00%
000797,方正富邦金小宝货币,0.34%,1.03%,1.96%,3.58%,--,10.50%
000798,民生加银家盈季度定期宝
000800,华商未来主题混合,0.00%,2.72%,-21.49%,-25.37%,--,-9.40%
000801,中金纯债A,0.27%,1.63%,2.00%,1.72%,--,12.30%
000802,中金纯债C,0.18%,1.47%,1.74%,1.28%,--,10.80%
000803,工银研究精选股票,1.03%,10.15%,2.55%,3.95%,--,36.70%
000791,银华双月定期理财债券A,0.36%,1.11%,2.09%,3.71%,--,11.20%
000805,中银新经济灵活配置混合,-0.61%,6.07%,-2.53%,-8.84%,--,31.00%
000808,招商招利1个月期理财债券A,0.36%,1.05%,2.05%,3.80%,--,11.49%
000809,招商招利1个月期理财债券B,0.36%,1.05%,2.05%,3.80%,--,11.70%
000810,富国收益增强债券A,-0.25%,2.99%,2.99%,2.27%,--,26.72%
000812,富国收益增强债券C,-0.34%,2.85%,2.67%,1.79%,--,25.20%
000813,鑫元合享分级债券,0.38%,2.14%,0.80%,1.15%,--,8.70%
000804,中信建投稳利保本,1.40%,0.10%,0.90%,1.30%,1.87%,--
000814,鑫元合享分级债券A
000815,鑫元合享分级债券B,0.45%,3.57%,0.97%,-2.07%,--,10.95%
000816,南方理财金交易型货币A,0.33%,1.00%,1.89%,3.29%,--,8.80%
000817,中银安心回报,0.20%,1.20%,1.50%,2.10%,--,11.64%
000818,诺安天天宝C,0.35%,1.03%,1.93%,3.24%,--,9.34%
000823,银华高端制造业,0.49%,5.68%,5.14%,0.00%,--,-18.20%
000822,东海美丽中国灵活配置,-0.81%,3.36%,4.34%,-1.10%,--,-1.50%
000824,圆信永丰双红利A,-0.58%,8.50%,11.88%,14.56%,--,134.22%
000825,圆信永丰双红利C,-0.67%,8.01%,11.23%,13.32%,--,125.41%
000826,广发百发100指数A,-0.44%,4.18%,-9.12%,-5.38%,--,14.81%
000827,广发百发100指数E,-0.45%,4.07%,-9.14%,-5.39%,--,14.57%
000828,泰达转型机遇,0.55%,10.19%,4.97%,5.09%,--,9.11%
000829,易方达天天发货币A,0.35%,1.04%,1.99%,--,--,2.08%
000831,工银医疗保健,0.82%,0.82%,4.45%,2.72%,--,36.00%
000832,天弘现金管家货币C,0.30%,0.94%,1.83%,3.18%,--,9.02%
000830,易方达天天发货币B,0.37%,1.10%,2.11%,--,--,2.21%
000834,大成纳斯达克100指数,-2.07%,-0.42%,5.51%,17.40%,--,41.70%
000835,华润元大富时中国A50指数,0.19%,12.75%,14.41%,22.14%,--,55.60%
000836,国投瑞银钱多宝货币A,0.38%,1.15%,2.17%,3.92%,--,10.14%
000837,国投瑞银钱多宝货币I,0.38%,1.15%,2.17%,3.92%,--,10.14%
000839,上投摩根纯债丰利债券A,0.20%,1.32%,0.10%,-2.64%,--,8.14%
000840,上投摩根纯债丰利债券C,0.10%,1.22%,-0.10%,-3.03%,--,7.19%
000841,富国新回报灵活配置A,0.00%,0.74%,0.09%,0.83%,--,9.10%
000833,易方达掌柜季季盈理财债券,0.38%,--,--,--,--,0.87%
000844,南方绝对收益,-0.21%,5.18%,3.68%,3.96%,--,20.44%
000843,富国新回报灵活配置C,-0.09%,0.65%,-0.18%,0.28%,--,8.10%
000845,国投瑞银信息消费混合,-0.15%,3.37%,2.90%,7.35%,--,79.45%
000846,中融货币C,0.30%,1.01%,2.00%,3.55%,--,11.07%
000847,中融货币A,0.28%,0.95%,1.88%,3.30%,--,10.31%
000848,工银添益快线货币,0.34%,1.02%,1.98%,3.51%,--,9.64%
000849,汇丰晋信双核策略A,-0.16%,8.77%,8.91%,19.97%,--,101.79%
000850,汇丰晋信双核策略C,-0.20%,8.66%,8.72%,19.51%,--,102.46%
000854,鹏华养老产业,-0.96%,9.02%,15.04%,17.39%,--,43.80%
000856,上投摩根天添盈货币B,0.32%,0.97%,1.86%,3.19%,--,8.16%
000857,上投摩根天添盈货币E,0.31%,0.95%,1.82%,3.10%,--,7.90%
000855,上投摩根天添盈货币A,0.30%,0.91%,1.74%,2.94%,--,7.45%
000860,银华惠增利货币,0.36%,1.06%,2.06%,3.56%,--,8.77%
000859,融通通瑞债券C,-0.29%,2.27%,2.48%,0.10%,--,3.50%
000862,富国天时货币C,0.30%,0.93%,1.64%,2.79%,--,8.63%
000861,长城货币E,0.33%,0.96%,1.82%,3.18%,--,8.08%
000863,富国天时货币D,0.25%,0.78%,1.39%,2.34%,--,7.65%
000865,大成景利混合,0.00%,3.69%,2.95%,11.96%,--,29.20%
000866,华宝兴业制造,1.21%,3.28%,-6.46%,-6.95%,--,25.90%
000867,华宝品质生活股票,-0.65%,5.91%,8.55%,8.29%,--,-5.47%
000868,国投瑞银增利宝货币A,0.34%,1.03%,1.98%,3.48%,--,9.75%
000870,嘉实新收益混合,0.64%,7.76%,1.13%,-5.69%,--,56.75%
000869,国投瑞银增利宝货币B,0.34%,1.03%,1.98%,3.51%,--,8.90%
000871,北信瑞丰宜投宝A,0.34%,0.99%,1.94%,3.25%,--,7.59%
000873,华安现金宝货币A,0.37%,1.07%,--,--,--,1.81%
000872,北信瑞丰宜投宝B,0.36%,1.06%,2.06%,3.50%,--,8.31%
000874,华安现金宝货币B,0.39%,1.13%,--,--,--,1.93%
000876,建信稳定得利债券C,0.17%,2.48%,2.21%,1.58%,--,15.80%
000875,建信稳定得利债券A,0.17%,2.54%,2.36%,1.92%,--,17.00%
000877,华泰柏瑞量化优选混合,1.32%,15.85%,14.36%,26.51%,--,69.42%
000878,中海医药健康产业混合A,0.33%,2.76%,9.55%,6.88%,--,22.70%
000879,中海医药健康产业混合C,0.25%,2.49%,9.04%,5.85%,--,19.40%
000882,中金现金管家A,0.32%,1.00%,1.93%,3.37%,--,8.48%
000883,中金现金管家B,0.34%,1.06%,2.05%,3.61%,--,9.19%
000884,民生加银优选,1.12%,3.80%,10.11%,10.32%,--,17.60%
000885,广发全球农业指数美元现汇,0.11%,1.71%,3.85%,7.22%,--,1.66%
000886,北信瑞丰无限互联主题灵活配,-0.64%,5.81%,-16.69%,-23.86%,--,-28.43%
000887,上投摩根稳进回报混合,0.30%,1.51%,2.22%,1.81%,--,19.28%
000889,上投摩根纯债添利债券A,0.10%,1.00%,1.10%,0.99%,--,6.74%
000880,富国研究精选灵活配置,0.82%,3.92%,3.05%,-1.67%,--,35.20%
000891,博时现金宝货币B,0.35%,1.05%,1.92%,3.36%,--,9.62%
000892,九泰天宝灵活配置混合A
000893,工银创新动力,-0.42%,-3.43%,-10.55%,-24.87%,--,-29.60%
000894,中欧睿达定期开放,0.51%,2.98%,2.53%,3.71%,--,17.50%
000895,国寿安保薪金宝货币,0.35%,1.04%,2.01%,3.66%,--,10.52%
000896,鑫元半年定期开放债券A,-0.09%,0.79%,0.24%,0.02%,--,-3.39%
000897,鑫元半年定期开放债券C,-0.09%,0.69%,0.02%,-0.42%,--,-4.44%
000890,上投摩根纯债添利债券C ,0.10%,0.90%,0.80%,0.49%,--,5.49%
000899,华富恒稳纯债债券C ,0.09%,1.11%,1.01%,1.29%,--,9.70%
000898,华富恒稳纯债债券A,0.09%,1.18%,1.18%,1.74%,--,11.10%
000901,国开货币A,0.33%,1.01%,1.94%,3.44%,--,9.09%
000900,新华阿鑫一号保本,7.20%,0.28%,1.90%,2.98%,5.10%,--
000903,新华活期添利货币A,0.36%,1.05%,2.03%,3.51%,--,8.82%
000902,国开货币B,0.35%,1.07%,2.07%,3.69%,--,9.76%
000904,银华回报灵活配置定期开放混,0.74%,6.92%,2.35%,8.13%,--,22.47%
000905,鹏华安盈宝货币,0.37%,1.12%,2.13%,3.72%,--,10.60%
000906,广发全球精选股票美元现汇,1.98%,9.49%,17.23%,24.77%,--,24.29%
000907,农银汇理红利日结货币A,0.31%,0.94%,1.79%,3.20%,--,8.96%
000908,农银汇理红利日结货币B,0.33%,1.00%,1.91%,3.44%,--,9.65%
000910,鑫元合丰纯债C,0.11%,0.81%,0.71%,2.72%,--,11.58%
000911,鑫元合丰纯债A,0.10%,0.89%,0.79%,-3.37%,--,20.50%
000912,英大现金宝货币,0.31%,0.98%,1.90%,3.60%,--,9.22%
000913,农银医疗保健股票,3.04%,0.75%,-10.20%,-13.35%,--,-4.70%
000914,中加纯债债券,0.31%,1.82%,2.29%,4.72%,--,13.81%
000916,前海开源股息率100强股票,-1.88%,7.92%,7.37%,11.17%,--,47.30%
000917,嘉实快线货币A,0.35%,1.04%,2.01%,3.52%,--,6.54%
000920,易方达财富快线货币Y ,0.35%,1.05%,2.02%,3.64%,--,9.98%
000921,中邮现金驿站A,0.33%,1.04%,2.01%,3.55%,--,9.23%
000923,中邮现金驿站C,0.33%,1.06%,2.06%,3.65%,--,9.76%
000922,中邮现金驿站B,0.33%,1.05%,2.03%,3.60%,--,9.45%
000925,汇添富外延增长主题,0.93%,15.64%,14.20%,7.93%,--,19.80%
000924,宝盈先进制造混合,3.96%,2.61%,-12.11%,-14.18%,--,2.30%
000926,中信建投睿信灵活配置混合A,-0.31%,5.86%,-9.71%,-8.94%,--,-4.20%
000927,博时大中华亚太精选美元现汇,-0.16%,8.68%,8.29%,22.57%,--,-2.24%
000928,中融国企改革混合,1.26%,5.92%,2.88%,5.69%,--,-3.40%
000929,博时黄金ETFD,1.66%,-0.04%,-0.34%,-2.61%,--,25.30%
000930,博时黄金ETFI,1.18%,-0.59%,-0.95%,-3.42%,--,15.26%
000931,国寿安保尊益信用纯债一年,0.29%,1.97%,1.66%,0.83%,--,11.83%
000932,前海开源睿远稳健增利混合A,-0.26%,-0.18%,-0.96%,0.53%,--,14.00%
000933,前海开源睿远稳健增利混合C,-0.36%,-0.45%,-1.24%,-0.18%,--,11.10%
000935,汇金转型成长,4.26%,10.48%,4.40%,-2.06%,--,-18.30%
000936,博时产业新动力混合,2.40%,7.22%,5.29%,15.78%,--,34.77%
000934,国富大中华精选混合,4.30%,14.41%,19.74%,36.95%,--,28.60%
000937,华商稳固添利债券A,-0.09%,1.50%,1.40%,0.65%,--,8.30%
000938,华商稳固添利债券C,-0.09%,1.42%,1.23%,0.09%,--,7.00%
000939,中银研究精选灵活配置混合,-1.24%,1.71%,-11.19%,-12.93%,--,-12.50%
000940,富国中小盘精选混合,-0.49%,9.61%,10.41%,1.33%,--,22.00%
000942,广发信息技术联接A,5.03%,5.26%,-1.77%,-9.46%,--,2.02%
000944,工银中高等级信用债债券B,-0.20%,2.77%,0.50%,-3.00%,--,0.20%
000945,华夏医疗健康混合A,0.88%,0.66%,-1.50%,-0.43%,--,38.00%
000946,华夏医疗健康混合C,0.81%,0.44%,-1.73%,-0.95%,--,36.20%
000948,华夏沪港通恒生ETF联接,1.08%,5.25%,11.55%,20.92%,--,18.47%
000950,易方达沪深300非银ETF联接,0.16%,14.36%,11.82%,14.21%,--,-12.50%
000951,中银理财90天债券A,0.36%,1.08%,--,--,--,1.90%
000952,中银理财90天债券B,0.39%,1.16%,--,--,--,2.04%
000943,工银中高等级信用债债券A,-0.10%,2.85%,0.70%,-2.60%,--,1.00%
000953,国泰睿吉灵活配置混合A,0.17%,6.52%,9.49%,10.83%,--,17.70%
000954,国泰睿吉灵活配置混合C,0.18%,6.49%,9.37%,10.65%,--,13.20%
000955,南方产业活力,0.68%,4.96%,-2.39%,-11.36%,--,18.60%
000958,东吴鼎元A,0.10%,1.94%,2.44%,3.45%,--,4.90%
000960,招商医药健康产业股票,2.53%,4.06%,3.44%,-2.50%,--,5.20%
000959,东吴鼎元C,-0.10%,1.84%,2.14%,3.04%,--,5.10%
000961,天弘沪深300指数,-0.03%,10.08%,8.42%,11.30%,--,9.50%
000962,天弘中证500指数,1.78%,8.23%,-2.10%,-1.98%,--,2.20%
000963,兴业多策略混合,2.91%,3.34%,-7.05%,-4.55%,--,23.90%
000965,汇丰晋信新动力混合,3.07%,5.71%,0.52%,-3.70%,--,-14.46%
000966,中邮核心科技创新灵活配置混合,-0.33%,4.52%,0.00%,-7.68%,--,-9.90%
000967,华泰柏瑞创新动力混合,1.50%,7.79%,9.43%,9.24%,--,21.79%
000968,广发养老指数A,0.91%,2.69%,2.37%,3.10%,--,2.31%
000969,前海开源大安全混合,0.29%,7.47%,-12.51%,-12.81%,--,2.10%
000970,东方红睿元混合,1.08%,10.92%,22.27%,32.82%,--,97.10%
000972,新华万银策略灵活配置混合,0.58%,7.22%,3.17%,7.22%,--,4.00%
000971,诺安新经济股票,-0.44%,-3.93%,-10.50%,-14.23%,--,-9.60%
000973,新华增盈回报债券,0.17%,2.64%,3.64%,4.57%,--,16.80%
000974,安信消费医药股票,0.66%,8.84%,14.16%,24.57%,--,37.90%
000975,MSCI中国A股ETF联接,0.38%,10.00%,6.45%,11.98%,--,5.60%
000976,长城新兴产业混合,2.35%,4.26%,1.64%,2.44%,--,17.60%
000978,景顺长城量化精选股票,2.02%,12.81%,3.91%,9.27%,--,46.20%
000977,长城环保主题混合,-1.50%,1.13%,2.60%,3.68%,--,-1.40%
000979,景顺长城沪港深精选股票,0.58%,6.98%,9.00%,17.74%,--,4.20%
000980,汇添富添富通货币B,0.33%,0.98%,1.83%,3.25%,--,8.27%
000981,北信瑞丰现金添利A,0.34%,0.99%,1.87%,3.07%,--,6.82%
000982,北信瑞丰现金添利B,0.36%,1.05%,1.99%,3.31%,--,7.48%
000985,嘉实逆向策略股票,-1.05%,8.03%,-1.14%,5.31%,--,13.00%
000984,民生加银新收益债券A,0.94%,7.18%,1.25%,-1.82%,--,-3.00%
000987,民生加银新收益债券C,0.94%,7.20%,1.26%,-2.02%,--,-3.20%
000986,太平灵活配置,0.00%,5.45%,3.11%,-2.25%,--,-30.40%
000988,嘉实全球互联网股票人民币,5.36%,13.17%,29.28%,38.78%,--,43.50%
000989,嘉实全球互联网股票美元现汇,6.63%,16.64%,33.27%,38.59%,--,31.80%
000990,嘉实全球互联网股票美元现钞,6.63%,16.64%,33.27%,38.59%,--,31.80%
000991,工银战略转型股票,0.85%,11.89%,4.68%,9.04%,--,7.30%
000992,广发对冲套利定期开放混合,0.00%,0.00%,-2.11%,-2.02%,--,11.60%
000993,华宝稳健回报混合,-0.72%,6.52%,3.43%,1.58%,--,-3.60%
000994,建信睿盈灵活配置混合A,-3.40%,-1.19%,0.51%,2.58%,--,-0.70%
000995,建信睿盈灵活配置混合C,-3.49%,-1.33%,0.21%,1.79%,--,-3.30%
000996,中银新动力股票,0.00%,8.64%,-2.90%,-8.94%,--,-19.50%
000997,南方双元A,-0.19%,1.97%,-0.29%,-3.45%,--,6.12%
000998,南方双元C,-0.29%,1.88%,-0.48%,-3.74%,--,5.61%
001001,华夏债券A/B,0.00%,2.34%,1.07%,-1.07%,13.32%,124.75%
001000,中欧明睿新起点混合,-1.53%,7.98%,6.42%,5.54%,--,2.80%
001003,华夏债券C,0.00%,2.35%,0.98%,-1.35%,12.23%,88.49%
001004,新华稳健回报混合发起式,-0.38%,4.76%,-5.94%,1.80%,--,-20.80%
001005,中海合鑫混合,-2.88%,0.16%,6.49%,-6.71%,--,-36.00%
001006,中信建投凤凰货币,0.31%,0.92%,1.81%,3.30%,--,6.99%
001007,国联安鑫安灵活配置混合,1.59%,4.29%,5.93%,7.02%,--,20.13%
001008,工银国企改革股票,-0.88%,11.14%,10.53%,13.87%,--,1.80%
001009,上投摩根安全战略股票,-0.41%,5.62%,8.08%,7.36%,--,-2.30%
001010,易方达增金宝货币,0.35%,1.04%,1.99%,3.62%,--,9.94%
001011,华夏希望债券A,0.35%,2.96%,1.96%,0.29%,23.84%,76.18%
001013,华夏希望债券C,0.27%,2.90%,1.89%,-0.06%,22.78%,71.22%
001014,中融融安混合,0.15%,2.55%,2.26%,3.23%,--,3.44%
001015,华夏沪深300指数增强A,-0.89%,9.65%,7.78%,14.36%,--,33.00%
001016,华夏沪深300指数增强C,-0.98%,9.51%,7.53%,13.78%,--,31.30%
001017,泰达改革动力混合A,0.52%,9.34%,1.84%,3.40%,--,45.49%
001018,易方达新经济混合,1.79%,9.64%,15.74%,16.29%,--,47.80%
001019,兴业年年利定开债,0.19%,2.15%,0.48%,-0.19%,--,10.45%
001021,华夏亚债中国指数A,-0.35%,0.99%,-0.62%,-3.11%,13.73%,23.89%
001026,诺安理财宝货币C,0.35%,1.04%,1.93%,3.29%,--,8.27%
001023,华夏亚债中国指数C,-0.45%,0.92%,-0.81%,-3.43%,12.59%,21.17%
001027,前海开源中证大农业指数增强,1.65%,8.53%,-7.17%,-11.30%,--,-26.20%
001028,华安物联网主题股票,1.78%,6.89%,-1.06%,-6.52%,--,-25.50%
001029,国投瑞银新动力混合,0.38%,3.13%,2.93%,4.92%,--,16.07%
001030,天弘云端生活优选,-0.13%,6.67%,1.43%,1.41%,--,-22.58%
001031,华夏安康优选债券A,-0.25%,3.68%,3.94%,2.65%,31.95%,38.42%
001034,华富旺财保本混合,2.10%,0.30%,1.19%,1.69%,2.46%,--
001033,华夏安康优选债券C,-0.17%,3.65%,3.83%,2.43%,30.83%,36.45%
001036,嘉实企业变革股票,-1.04%,5.57%,4.18%,1.39%,--,-5.20%
001035,中银恒利半年定开债,0.29%,2.28%,1.77%,0.71%,--,20.95%
001039,嘉实先进制造股票,-0.58%,6.83%,5.13%,8.45%,--,-14.00%
001037,国投瑞银锐意改革混合,-0.33%,5.55%,1.90%,6.16%,--,-8.70%
001040,新华策略精选股票,-2.16%,3.37%,-5.28%,0.21%,--,-4.90%
001042,华夏领先股票,3.26%,4.74%,-1.49%,-4.71%,--,-27.10%
001043,工银美丽城镇股票,-0.20%,11.07%,10.47%,10.47%,--,1.30%
001044,嘉实新消费股票,1.99%,10.00%,22.71%,26.88%,--,23.20%
001041,南方理财60天债券E,0.38%,1.08%,2.08%,3.69%,--,9.39%
001045,华夏可转债增强债券A,0.29%,9.94%,6.27%,--,--,5.10%
001046,华夏可转债增强债券I,--,--,--,--,--,0.00%
001048,富国新兴产业股票,-0.94%,7.81%,18.80%,18.69%,--,27.00%
001047,光大国企改革股票,2.70%,17.32%,10.29%,18.20%,--,10.40%
001051,华夏上证50ETF联接,-0.11%,11.54%,12.25%,19.81%,--,-11.10%
001050,汇添富成长多因子量化策略股票,2.74%,9.22%,-4.17%,-1.75%,--,12.50%
001052,华夏中证500ETF联接,1.83%,8.44%,-1.91%,-1.33%,--,-33.20%
001054,工银新金融股票,-0.59%,10.34%,5.80%,0.00%,--,0.30%
001053,南方创新经济,-1.89%,5.30%,8.43%,14.21%,--,9.30%
001056,北信瑞丰健康生活主题灵活配置,2.16%,3.38%,-3.17%,-1.97%,--,-5.30%
001055,博时产业债纯债债券A,0.00%,0.83%,1.02%,0.74%,--,9.00%
001057,华夏理财30天债券A,0.32%,1.08%,2.10%,3.68%,11.56%,21.27%
001058,华夏理财30天债券B,0.34%,1.14%,2.22%,2.90%,8.95%,18.94%
001060,前海开源高端装备制造混合,-2.12%,7.45%,6.42%,5.92%,--,11.00%
001059,中金绝对收益,-0.10%,2.22%,-0.98%,-2.96%,--,1.50%
001063,华夏海外收益债券C,-0.66%,-0.74%,1.52%,4.66%,26.08%,38.30%
001061,华夏海外收益债券A,-0.57%,-0.65%,1.74%,5.09%,27.63%,40.91%
001064,广发环保指数A,2.75%,3.66%,-2.22%,-1.51%,--,-24.40%
001065,华夏海外收益债券现汇,0.60%,2.39%,4.90%,4.99%,18.03%,33.05%
001066,华夏海外收益债券现钞,--,--,--,--,--,--
001067,鹏华弘盛混合A,-0.36%,2.62%,2.41%,3.51%,--,14.46%
001068,华融新锐灵活配置混合,0.00%,3.00%,3.23%,5.61%,--,-4.00%
001069,华泰柏瑞消费成长混合,1.03%,8.15%,-0.09%,-9.82%,--,7.50%
001071,华安媒体互联网混合,6.05%,11.82%,-7.53%,-15.69%,--,-5.40%
001070,建信信息产业股票,0.25%,11.05%,7.83%,5.51%,--,22.60%
001072,华安智能装备主题股票,4.49%,10.15%,2.95%,-1.01%,--,-2.30%
001073,华泰柏瑞量化绝对收益混合,-0.27%,2.24%,3.25%,7.07%,--,9.24%
001074,华泰柏瑞量化驱动混合,0.69%,14.87%,12.79%,22.70%,--,8.72%
001075,宝盈转型动力混合,-1.02%,2.71%,-7.08%,-5.93%,--,-31.80%
001076,易方达改革红利混合,0.76%,10.22%,10.37%,13.03%,--,-20.20%
001077,华夏现金宝货币A,0.32%,0.96%,1.83%,2.94%,8.96%,16.97%
001086,华富恒利债券A,-0.28%,2.63%,1.93%,1.83%,--,5.50%
001078,华夏现金宝货币B,0.34%,1.02%,1.95%,3.19%,5.94%,13.01%
001087,华富恒利债券C,-0.38%,2.55%,1.46%,1.16%,--,4.40%
001088,华宝国策导向混合,-1.03%,5.52%,1.59%,-5.67%,--,-23.50%
001092,广发生物科技指数(QDII,-6.12%,3.31%,3.54%,3.89%,--,-6.50%
001093,广发生物科技指数美元,-5.01%,6.45%,6.69%,3.77%,--,-13.87%
001095,国投瑞银添利宝货币B,0.33%,1.01%,1.97%,3.57%,--,7.36%
001094,国投瑞银添利宝货币A,0.33%,1.01%,1.97%,3.55%,--,7.40%
001097,华泰柏瑞积极优选股票,2.90%,11.32%,3.23%,3.90%,--,-36.10%
001096,国寿安保聚宝盆货币,0.35%,1.01%,1.96%,3.50%,--,8.83%
001101,银华惠添益货币,0.38%,0.99%,1.86%,3.17%,--,3.31%
001102,前海开源国家比较优势混合,-2.10%,5.88%,13.31%,13.21%,--,26.00%
001104,华安新丝路主题股票,-2.57%,7.68%,5.89%,20.19%,--,2.40%
001103,前海开源工业革命4.0混合,-0.37%,7.37%,8.12%,5.10%,--,9.20%
001106,华商健康生活混合,2.23%,6.88%,7.94%,6.23%,--,-9.63%
001105,信达澳银转型创新股票,0.14%,8.73%,9.23%,10.23%,--,-27.80%
001111,中欧瑾泉灵活配置混合C,0.27%,2.16%,2.43%,2.90%,--,11.85%
001112,东方红中国优势混合,-0.22%,8.35%,20.80%,29.08%,--,33.60%
001113,南方大数据100A,0.59%,10.39%,-3.07%,-6.48%,--,-12.05%
001115,广发聚安混合A,0.67%,3.77%,4.18%,5.35%,--,37.91%
001116,广发聚安混合C,0.68%,3.68%,4.10%,5.04%,--,20.48%
001117,中欧精选定期开放混合A,3.73%,10.23%,11.51%,15.09%,--,-13.80%
001110,中欧瑾泉灵活配置混合A,0.31%,2.29%,2.72%,3.47%,--,41.76%
001118,华宝事件驱动混合,-2.42%,4.61%,-1.89%,-4.47%,--,-27.40%
001119,国投瑞银新回报混合,-0.19%,1.62%,0.19%,2.11%,--,7.50%
001120,东方睿鑫热点挖掘混合A,0.82%,17.48%,6.31%,7.05%,--,-30.11%
001121,东方睿鑫热点挖掘混合C,0.74%,17.23%,5.85%,6.13%,--,-31.81%
001122,鹏华弘利混合A,0.11%,2.14%,2.41%,2.49%,--,11.36%
001123,鹏华弘利混合C,0.09%,2.07%,2.26%,2.17%,--,10.21%
001125,博时互联网主题灵活配置混合,2.89%,6.74%,9.36%,11.23%,--,-28.70%
001124,融通通泰保本混合C,-0.30%,0.00%,0.91%,0.91%,-0.60%,--
001126,上投摩根卓越制造股票,2.12%,6.65%,3.44%,2.85%,--,-27.80%
001127,中银宏观策略混合,-0.48%,7.39%,-3.55%,-6.86%,--,-37.50%
001128,宝盈新兴产业混合,1.22%,0.17%,-8.65%,-11.97%,--,-41.90%
001133,广发中证全指可选消费联接A,-0.58%,4.91%,-0.95%,2.34%,--,-17.78%
001134,广发天天利货币E,0.33%,1.02%,1.96%,3.47%,--,7.73%
001135,益民品质升级混合,-1.94%,5.03%,1.85%,-9.30%,--,-39.50%
001137,国投瑞银岁丰利一年债券A,0.40%,2.51%,1.49%,-0.19%,--,4.95%
001136,易方达裕如混合,-0.18%,2.08%,1.99%,1.62%,--,12.90%
001138,国投瑞银岁丰利一年债券C,0.30%,2.41%,1.29%,-0.48%,--,4.29%
001139,华安新动力灵活配置混合,0.09%,1.21%,1.78%,2.65%,--,8.40%
001140,工银总回报灵活配置混合,-1.54%,8.00%,0.52%,-4.48%,--,-4.10%
001141,泰达宏利创盈混合A,0.26%,4.69%,5.65%,8.01%,--,16.00%
001143,华商量化进取混合,-1.65%,4.38%,0.28%,0.28%,--,-28.50%
001142,泰达宏利创盈混合B,0.18%,4.60%,5.48%,7.07%,--,13.60%
001144,大成互联网思维混合,1.24%,3.43%,8.38%,8.09%,--,-18.50%
001146,中欧瑾源灵活配置混合A,-0.23%,2.41%,2.05%,2.23%,--,14.91%
001147,中欧瑾源灵活配置混合C,-0.28%,2.29%,1.75%,1.84%,--,7.14%
001148,申万菱信多策略灵活配置混合,0.10%,1.46%,2.46%,1.34%,--,10.25%
001150,融通互联网传媒灵活配置混合,0.00%,5.60%,1.21%,-8.88%,--,-41.50%
001149,汇丰晋信恒生龙头指数C,0.08%,11.06%,18.50%,31.24%,--,16.83%
001152,融通新区域新经济灵活配置混合,5.15%,5.57%,2.91%,-6.18%,--,-46.90%
001156,申万菱信新能源汽车混合,-0.63%,10.22%,3.38%,1.28%,--,-5.10%
001154,北信瑞丰平安中国主题灵活配,0.77%,8.86%,-5.43%,0.00%,--,4.40%
001158,工银新材料新能源股票,0.54%,12.29%,2.78%,-4.15%,--,-26.00%
001157,国联安睿祺灵活配置混合,-0.76%,0.46%,-1.30%,-4.82%,--,1.56%
001159,大成景秀灵活配置混合A,-1.11%,-0.19%,-0.47%,-0.09%,--,6.70%
001160,东方永润债券A,0.00%,1.09%,1.05%,4.17%,--,3.06%
001161,东方永润债券C,-0.04%,0.98%,0.84%,3.75%,--,2.11%
001162,前海开源优势蓝筹股票A,-1.64%,8.05%,10.39%,13.71%,--,2.00%
001163,银华中国梦30股票,-0.62%,4.67%,8.56%,8.56%,--,-3.60%
001164,中欧琪和灵活配置混合A,-0.14%,3.02%,4.04%,4.14%,--,15.59%
001165,中欧琪和灵活配置混合C,-0.18%,2.89%,2.86%,2.48%,--,11.40%
001166,建信环保产业股票,2.35%,3.56%,0.77%,1.42%,--,-21.50%
001167,金鹰科技创新股票,3.09%,7.74%,0.00%,-4.02%,--,-33.20%
001168,国投瑞银优选收益混合,0.09%,0.54%,3.40%,7.32%,--,13.77%
001169,国投瑞银新价值混合,-0.10%,3.60%,0.98%,2.68%,--,8.94%
001170,泰达宏利复兴混合,0.11%,10.82%,14.42%,14.42%,--,-11.90%
001171,工银养老产业股票,0.14%,1.16%,5.43%,3.86%,--,-30.10%
001172,鹏华弘泽混合A,0.07%,2.25%,2.54%,3.67%,--,11.60%
001173,中欧瑾和灵活配置混合A,0.09%,1.36%,-1.50%,3.33%,--,11.60%
001174,中欧瑾和灵活配置混合C,0.00%,1.29%,-1.79%,2.71%,--,9.80%
001175,山证日日添利货币A,0.30%,0.89%,1.64%,2.92%,--,6.48%
001176,山证日日添利货币B,0.33%,0.95%,1.76%,3.18%,--,6.90%
001178,前海开源再融资股票,-0.02%,7.29%,7.75%,16.49%,--,26.28%
001177,山证日日添利货币C,0.18%,0.50%,0.88%,1.39%,--,2.89%
001179,德邦大健康灵活配置混合,0.49%,9.04%,15.95%,19.62%,--,-0.02%
001181,南方改革机遇,-0.54%,2.99%,-3.73%,-4.33%,--,-7.10%
001180,广发医药卫生联接A,1.74%,1.22%,-2.20%,-3.03%,--,-20.30%
001182,易方达安心回馈混合,-0.32%,6.04%,9.16%,11.54%,--,22.80%
001183,南方利淘A,-0.18%,2.02%,3.06%,4.82%,--,11.00%
001184,易方达新常态灵活配置混合,2.85%,3.70%,-1.75%,-13.97%,--,-49.50%
001185,安信动态策略混合A,1.03%,6.60%,9.82%,12.89%,--,20.68%
001186,富国文体健康股票,3.89%,9.06%,6.74%,7.01%,--,-14.50%
001188,鹏华改革红利股票,-0.24%,5.27%,0.37%,1.11%,--,-18.10%
001189,广发聚宝混合,-0.27%,3.58%,4.67%,6.08%,--,9.90%
001190,鹏华弘润混合A,0.19%,2.36%,2.65%,2.65%,--,9.96%
001191,鹏华弘润混合C,0.18%,2.29%,2.49%,2.27%,--,8.58%
001192,上投摩根整合驱动混合,2.51%,7.42%,9.97%,-1.42%,--,-30.50%
001193,中金消费升级,5.22%,4.16%,-5.05%,-6.13%,--,-17.30%
001194,景顺长城稳健回报混合A,0.09%,1.29%,2.23%,2.32%,--,10.20%
001195,工银农业产业股票,3.14%,7.07%,1.55%,-3.59%,--,-40.90%
001196,东方鼎新灵活配置混合A,0.02%,7.82%,4.00%,4.57%,--,11.34%
001198,东方惠新灵活配置混合A,0.19%,5.04%,4.84%,3.79%,--,12.68%
001197,长盛转型升级主题灵活配置混合,1.34%,8.07%,4.67%,2.34%,--,-17.00%
001200,创金合信聚利债券C,-0.65%,4.82%,0.76%,-1.39%,--,6.60%
001199,创金合信聚利债券A,-0.55%,5.06%,1.03%,-0.64%,--,7.90%
001201,申万菱信安鑫回报混合A,-0.44%,2.94%,4.19%,3.61%,--,11.90%
001202,东方红领先精选混合,1.51%,6.71%,6.02%,4.85%,--,14.50%
001204,东方红稳健精选混合C,1.00%,6.70%,7.56%,6.42%,--,21.00%
001205,建信稳健回报灵活配置混合,0.48%,2.43%,2.22%,2.97%,--,12.14%
001203,东方红稳健精选混合A,1.02%,6.76%,7.83%,6.95%,--,18.50%
001206,广发聚惠混合A,0.09%,2.26%,2.36%,2.91%,--,13.00%
001208,诺安低碳经济股票,2.65%,9.68%,12.47%,16.71%,--,-7.10%
001207,广发聚惠混合C,0.09%,2.24%,2.24%,2.60%,--,14.30%
001209,前海开源一带一路混合A,0.32%,7.20%,-8.80%,-9.75%,--,-4.70%
001210,天弘互联网混合,-0.86%,5.50%,4.16%,2.17%,--,-37.45%
001212,华润元大稳健债券A,0.10%,1.70%,2.21%,-0.20%,--,2.64%
001211,中欧滚钱宝货币A,0.34%,1.00%,1.89%,3.52%,--,7.56%
001213,华润元大稳健债券C,0.00%,1.61%,1.92%,-0.69%,--,1.78%
001214,华泰柏瑞中证500ETF联接,1.86%,8.34%,-1.11%,1.12%,--,-35.94%
001215,博时沪港深优质企业基金A,1.41%,4.78%,4.37%,9.74%,--,-21.10%
001216,易方达新收益混合A,0.08%,4.27%,5.37%,6.41%,--,19.60%
001217,易方达新收益混合C,0.08%,4.23%,5.35%,6.20%,--,18.20%
001218,国投瑞银精选收益混合,-1.99%,2.38%,-2.82%,-6.52%,--,-31.20%
001219,上投摩根动态多因子混合,0.52%,2.64%,-12.19%,-13.46%,--,-22.20%
001220,民生加银研究精选混合,0.12%,5.55%,-2.27%,-0.61%,--,-18.20%
001221,国联安鑫富混合A,0.85%,0.45%,-0.50%,-1.24%,--,6.07%
001222,鹏华外延成长混合,1.11%,8.43%,13.98%,18.11%,--,-8.70%
001223,鹏华文化传媒娱乐股票,3.92%,0.19%,-4.17%,-7.76%,--,3.40%
001225,中邮趋势精选灵活配置混合,-0.16%,-0.16%,-11.53%,-13.89%,--,-38.60%
001224,中邮新思路灵活配置混合,-3.08%,1.51%,-4.73%,-5.89%,--,0.70%
001227,中邮信息产业灵活配置混合,2.50%,-4.80%,-13.25%,-23.39%,--,-34.50%
001226,中邮稳健添利灵活配置混合,-0.08%,3.51%,3.69%,3.60%,--,20.80%
001228,国联安鑫享灵活配置混合A,1.00%,7.54%,8.57%,10.25%,--,13.56%
001229,德邦福鑫灵活配置混合A,-0.11%,2.52%,3.81%,5.58%,--,11.50%
001231,银华泰利灵活配置混合A,0.00%,3.62%,3.05%,2.29%,--,11.50%
001230,鹏华医药科技,1.78%,-1.15%,-0.58%,-1.90%,--,-48.50%
001233,嘉合货币B,0.35%,1.20%,2.28%,4.65%,--,9.07%
001234,国金众赢货币,0.36%,1.08%,2.06%,3.62%,--,7.90%
001235,中银国有企业债,-0.10%,1.71%,1.20%,-0.20%,--,4.59%
001236,博时丝路主题股票A,1.89%,10.84%,-3.69%,1.00%,--,-19.20%
001237,博时上证50ETF联接,0.17%,12.13%,12.74%,19.97%,--,-8.97%
001239,长盛国企改革混合,-2.80%,3.67%,-6.03%,-3.83%,--,-54.80%
001240,民生加银现金增利货币D,0.31%,0.97%,1.84%,3.24%,--,7.27%
001241,国寿安保中证500ETF联,1.77%,8.34%,-1.68%,-1.14%,--,-40.93%
001232,嘉合货币A,0.33%,1.14%,2.16%,4.40%,--,8.45%
001243,博时中证淘金大数据100I,0.48%,12.04%,0.68%,7.46%,--,-7.12%
001244,华泰柏瑞量化智慧混合,1.56%,14.49%,11.46%,19.62%,--,21.44%
001245,工银生态环境股票,2.26%,-0.12%,-9.47%,-9.26%,--,-18.70%
001246,兴银长乐定开债,0.50%,2.50%,2.19%,1.50%,--,11.73%
001247,华泰柏瑞新利混合A,-0.44%,4.53%,3.84%,5.38%,--,9.82%
001249,易方达新利灵活配置混合,0.27%,4.41%,6.01%,7.54%,--,11.20%
001250,天弘新活力混合,-0.03%,1.87%,3.57%,3.13%,--,10.30%
001251,天弘现金管家货币D,0.30%,0.93%,1.80%,3.13%,--,6.34%
001252,中海进取收益混合,-0.85%,1.84%,0.19%,1.45%,--,4.90%
001253,建信回报灵活配置混合,0.18%,2.77%,3.62%,4.50%,--,11.50%
001254,泰达宏利新起点混合A,-0.18%,3.87%,4.45%,7.34%,--,12.60%
001255,长城改革红利混合,2.92%,5.42%,-5.38%,-6.69%,--,-26.10%
001256,泓德优选成长混合,2.20%,6.37%,3.09%,7.35%,--,17.33%
001257,兴业收益增强债券A,0.88%,2.51%,2.97%,4.48%,--,14.30%
001258,兴业收益增强债券C,0.89%,2.45%,2.72%,4.05%,--,13.10%
001259,德邦鑫星稳健灵活配置混合,1.00%,5.53%,6.82%,-1.24%,--,-1.75%
001260,广发安心混合,1.00%,4.41%,5.40%,5.00%,--,11.20%
001261,中融新机遇混合,0.40%,0.91%,-0.89%,0.50%,--,-0.10%
001262,大成景明灵活配置混合A,0.10%,0.87%,1.55%,4.38%,--,4.90%
001242,博时中证淘金大数据100A,0.47%,12.04%,0.67%,7.45%,--,-7.15%
001263,大成景穗灵活配置混合A,-0.36%,6.30%,6.82%,5.99%,--,9.70%
001264,银华恒利灵活配置混合A,-0.10%,3.32%,2.81%,2.50%,--,8.78%
001265,国泰兴益灵活配置混合A,0.71%,5.03%,5.43%,6.52%,--,12.70%
001266,国投瑞银招财混合,0.40%,-0.40%,0.28%,1.75%,--,3.89%
001267,泰达宏利蓝筹混合,-0.96%,9.51%,8.93%,11.47%,--,-37.80%
001268,富国国家安全主题混合,5.43%,3.26%,-7.38%,-15.33%,--,-39.80%
001271,英大灵活配置混合型发起式B,-0.94%,3.17%,3.89%,5.76%,--,10.32%
001270,英大灵活配置混合型发起式A,-0.91%,3.30%,4.14%,6.29%,--,11.44%
001272,兴业聚利灵活配置混合,0.26%,3.38%,2.00%,4.94%,--,53.00%
001274,民生加银新动力混合D,0.00%,0.00%,0.00%,0.00%,--,0.00%
001275,中邮创新优势灵活配置混合,-1.44%,-0.36%,-21.15%,-30.09%,--,-18.00%
001276,建信新经济灵活配置混合,-3.09%,-1.13%,0.00%,1.55%,--,-21.50%
001277,博时国企改革股票,-0.24%,10.34%,-0.60%,4.52%,--,-16.80%
001278,前海开源清洁能源混合A,-0.37%,3.86%,3.26%,9.07%,--,18.56%
001279,中海积极增利混合,7.24%,11.88%,10.11%,0.00%,--,-9.60%
001280,银华聚利灵活配置混合A,0.00%,3.74%,3.65%,3.65%,--,19.30%
001281,长安鑫利优选混合A,1.37%,10.53%,22.60%,28.95%,--,39.52%
001273,民生加银新动力混合A,0.27%,2.24%,2.53%,4.48%,--,9.50%
001283,红塔红土盛金新动力混合A,0.42%,7.45%,7.55%,8.37%,--,15.99%
001284,红塔红土盛金新动力混合C,0.39%,7.38%,7.41%,8.26%,--,7.99%
001285,易方达新鑫混合I,0.09%,3.08%,6.62%,10.31%,--,14.94%
001286,易方达新鑫混合E,0.09%,3.02%,6.48%,10.18%,--,14.04%
001282,华安新机遇保本混合,2.20%,0.29%,1.49%,0.49%,0.49%,--
001287,安信优势增长混合A,4.77%,16.71%,12.88%,18.48%,--,28.43%
001289,银华汇利灵活配置混合A,0.00%,2.60%,2.92%,2.60%,--,30.30%
001290,广发安泰混合,1.01%,3.19%,3.58%,3.39%,--,9.90%
001294,新华战略新兴产业灵活配置混,3.30%,5.30%,-5.68%,-7.71%,--,-18.60%
001291,大摩量化多策略股票,-0.21%,3.68%,-10.84%,-7.84%,--,-7.10%
001296,长城转型成长灵活配置混合,0.29%,2.40%,--,--,--,2.50%
001295,大成景源灵活配置混合A,-0.18%,1.44%,2.08%,2.55%,--,12.70%
001298,金鹰民族新兴混合,1.17%,5.80%,0.19%,3.59%,--,3.90%
001299,兴业添利债券,0.00%,2.01%,1.29%,0.51%,--,9.55%
001297,平安大华智慧中国混合,-3.21%,4.63%,-3.90%,-8.60%,--,-45.80%
001301,大成睿景灵活配置混合C,1.80%,8.70%,4.24%,-3.41%,--,-26.30%
001302,前海开源金银珠宝混合A,1.58%,14.60%,-8.78%,-15.30%,--,9.10%
001303,银华稳利灵活配置混合A,1.26%,8.47%,9.31%,8.37%,--,12.70%
001304,建信鑫安回报灵活配置混合,0.58%,2.63%,2.52%,3.65%,--,12.36%
001305,九泰天富改革混合,1.60%,18.47%,3.25%,-2.78%,--,-30.10%
001306,中欧永裕混合A,1.23%,7.09%,3.07%,0.22%,--,-9.40%
001307,中欧永裕混合C,1.14%,6.85%,2.66%,-0.56%,--,-11.10%
001308,博时外服货币,0.36%,1.11%,2.15%,3.65%,--,7.36%
001300,大成睿景灵活配置混合A,2.04%,8.99%,4.74%,-2.59%,--,-24.80%
001309,东方红睿逸定期开放混合,1.00%,5.97%,9.33%,10.13%,--,20.70%
001310,华泰柏瑞行业竞争优势混合,0.54%,9.19%,10.19%,--,--,15.09%
001311,华安新回报灵活配置混合,0.18%,2.81%,3.19%,3.78%,--,9.90%
001313,上投摩根智慧互联股票,1.20%,14.11%,14.80%,5.41%,--,-24.00%
001312,华安新优选灵活配置混合A,1.25%,2.84%,2.04%,3.04%,--,5.10%
001315,易方达新益混合E,-0.12%,5.10%,5.87%,7.85%,--,73.10%
001314,易方达新益混合I,-0.08%,5.28%,6.05%,7.90%,--,29.70%
001318,东方新策略灵活配置混合A,0.26%,3.94%,1.81%,0.62%,--,6.77%
001316,安信稳健增值混合A,-0.01%,2.63%,3.92%,5.77%,--,14.76%
001319,农银信息传媒股票,-1.25%,4.60%,3.15%,-2.85%,--,-24.06%
001320,工银丰盈回报灵活配置混合,-0.18%,5.78%,3.45%,2.96%,--,8.00%
001322,东吴新趋势,-0.29%,1.64%,-9.56%,-15.93%,--,-31.90%
001323,东吴移动互联A,0.55%,5.03%,6.85%,11.48%,--,10.70%
001324,华宝新价值混合,0.42%,1.76%,3.26%,4.56%,--,9.73%
001325,鹏华弘和混合A,0.47%,3.34%,3.84%,3.06%,--,8.74%
001326,鹏华弘和混合C,0.46%,3.32%,3.14%,2.20%,--,7.13%
001321,兴业聚优灵活配置混合,3.30%,7.58%,3.57%,6.36%,--,22.00%
001327,鹏华弘华混合A,0.98%,5.12%,4.14%,3.27%,--,12.68%
001328,鹏华弘华混合C,1.18%,5.34%,4.26%,3.23%,--,-4.07%
001329,鹏华弘实混合A,0.08%,2.30%,1.56%,0.64%,--,9.19%
001330,鹏华弘实混合C,0.08%,2.29%,1.52%,0.46%,--,16.49%
001331,鹏华弘信混合A,0.47%,3.15%,3.33%,2.73%,--,19.73%
001332,鹏华弘信混合C,0.47%,3.10%,3.19%,2.06%,--,7.94%
001333,大成景鹏灵活配置混合A,-0.17%,3.36%,3.82%,9.55%,--,17.00%
001334,南方利鑫A,0.00%,2.13%,2.70%,4.25%,--,10.30%
001336,鹏华弘益混合A,0.04%,2.58%,2.61%,2.87%,--,8.35%
001335,南方利众A,0.88%,2.04%,0.88%,2.86%,--,15.10%
001337,鹏华弘益混合C,0.04%,2.57%,2.51%,2.61%,--,6.89%
001338,安信稳健增值混合C,-0.06%,2.15%,3.08%,4.52%,--,16.85%
001339,兴银鼎新灵活配置混合,0.00%,6.03%,1.87%,5.49%,--,9.33%
001340,华泰柏瑞惠利灵活混合A,0.32%,0.21%,-5.54%,-10.41%,--,-6.20%
001341,华泰柏瑞惠利灵活混合C,0.34%,0.22%,-5.58%,-10.66%,--,-10.30%
001342,易方达新享混合A,0.20%,3.79%,6.09%,8.42%,--,53.30%
001343,易方达新享混合C,0.18%,3.71%,5.97%,8.12%,--,11.90%
001345,富国新收益灵活配置混合A,0.00%,2.78%,3.84%,6.64%,--,10.80%
001347,富国新收益灵活配置混合C,0.00%,2.63%,3.63%,6.17%,--,17.10%
001348,大摩新机遇混合,0.99%,7.29%,4.29%,5.97%,--,11.90%
001349,富国改革动力混合,1.64%,-0.58%,-7.61%,-10.88%,--,-32.00%
001351,诺安中证500ETF联接,1.44%,7.00%,-3.00%,-3.14%,--,-14.28%
001352,民生加银新战略混合,0.00%,2.93%,4.11%,5.32%,--,8.80%
001355,广发聚泰混合A,1.00%,4.04%,5.77%,8.01%,--,27.66%
001357,泓德泓富混合A,0.85%,4.22%,4.66%,5.07%,--,18.10%
001358,宝盈祥泰养老混合,0.19%,1.54%,0.96%,-0.09%,--,5.30%
001356,广发聚泰混合C,1.02%,3.34%,4.84%,6.80%,--,8.19%
001361,景顺中证TMT150ETF,5.14%,7.43%,1.54%,-4.97%,--,-40.70%
001362,景顺长城领先回报混合A,0.00%,3.88%,4.92%,7.97%,--,15.10%
001363,长城久惠保本,1.10%,0.20%,1.10%,0.50%,-0.49%,--
001364,大成景润灵活配置混合,-2.18%,4.35%,2.69%,--,--,3.20%
001365,大成正向回报灵活配置混合,-0.70%,4.25%,5.79%,6.75%,--,-28.80%
001366,金鹰产业整合混合,3.25%,7.06%,-7.92%,-13.08%,--,-30.20%
001367,德邦新添利债券A,-0.14%,2.52%,3.53%,3.99%,--,17.25%
001368,兴业稳固收益一年理财债券,0.30%,0.89%,1.79%,2.91%,--,2.91%
001369,兴业稳固收益两年理财债券,0.30%,0.80%,1.50%,2.92%,--,5.81%
001370,中银新趋势混合,0.09%,2.98%,4.49%,2.88%,--,7.00%
001371,富国沪港深价值混合,2.83%,11.82%,19.38%,28.67%,--,30.60%
001373,易方达新丝路灵活配置混合,0.94%,6.06%,8.20%,4.88%,--,-24.80%
001359,国联安添鑫灵活配置混合A,-2.17%,12.34%,4.69%,4.60%,--,9.30%
001375,金元顺安保本混合C,8.05%,0.71%,1.62%,5.62%,5.03%,--
001376,泓德泓富混合C,0.80%,4.07%,4.40%,4.60%,--,17.26%
001377,中融新产业灵活配置混合A,0.10%,--,--,--,--,0.10%
001378,中融新产业灵活配置混合C,-1.10%,--,--,--,--,-1.10%
001379,景顺长城领先回报混合C,0.00%,3.81%,4.81%,7.83%,--,30.80%
001380,鹏华弘盛混合C,-0.37%,2.59%,2.55%,3.59%,--,55.93%
001381,鹏华弘泽混合C,0.06%,2.23%,2.40%,3.47%,--,9.77%
001382,易方达国企改革混合,--,--,--,--,--,0.00%
001384,东方新思路混合A,-1.53%,6.24%,7.44%,-0.12%,--,-14.64%
001385,东方新思路混合C,-1.57%,6.12%,7.22%,-0.52%,--,-15.39%
001374,华夏现金增利货币B,0.36%,1.08%,1.86%,3.09%,--,7.26%
001386,天弘弘运宝货币A,0.23%,0.94%,1.54%,2.71%,--,4.82%
001387,中融新经济混合A,0.74%,2.12%,124.18%,119.49%,--,120.37%
001388,中融新经济混合C,0.18%,0.81%,13.67%,11.29%,--,11.40%
001389,中融新优势混合A,0.44%,3.86%,4.73%,6.01%,--,12.90%
001391,天弘弘运宝货币B,0.22%,0.88%,1.42%,2.45%,--,4.31%
001390,中融新优势混合C,0.37%,3.83%,4.23%,5.14%,--,8.40%
001392,国富金融地产混合A,-1.31%,8.77%,11.17%,12.14%,--,15.62%
001393,国富金融地产混合C,-1.34%,8.68%,11.23%,11.88%,--,14.01%
001395,博时新趋势混合C,3.70%,7.19%,0.49%,4.12%,--,6.94%
001394,博时新趋势混合A,1.88%,10.35%,0.84%,4.30%,--,8.25%
001396,建信互联网+产业升级股票,2.10%,7.03%,4.28%,-4.57%,--,-26.90%
001397,建信精工制造指数增强,0.04%,9.75%,3.23%,13.59%,--,15.68%
001398,华泰柏瑞健康生活混合,5.07%,8.64%,8.79%,4.35%,--,-23.30%
001399,安信鑫安得利混合A,0.00%,2.61%,3.10%,3.05%,--,13.87%
001400,安信鑫安得利混合C,-0.02%,2.57%,2.99%,2.83%,--,12.70%
001401,德邦如意货币,0.32%,1.00%,1.93%,3.27%,--,4.48%
001402,信诚新选混合A,0.74%,2.92%,2.63%,4.30%,--,9.20%
001404,招商移动互联网产业股票基金,-1.08%,6.88%,-3.69%,-13.20%,--,-27.00%
001403,招商国企改革主题混合基金,-0.97%,8.53%,-0.65%,-2.76%,--,-8.40%
001405,东方红策略精选混合A,0.28%,3.41%,3.80%,4.11%,--,11.81%
001407,景顺长城稳健回报混合C,0.00%,1.12%,1.97%,1.68%,--,6.67%
001406,东方红策略精选混合C,0.24%,3.27%,3.54%,3.53%,--,6.12%
001409,工银互联网加股票,-1.01%,-2.48%,-10.25%,-25.94%,--,-60.60%
001408,建信鑫丰回报灵活配置混合A,-0.45%,2.33%,2.04%,1.74%,--,7.29%
001410,信达澳银新能源产业股票,4.19%,20.80%,26.38%,30.04%,--,39.40%
001411,诺安创新驱动混合A,0.00%,1.50%,0.80%,1.96%,--,5.64%
001413,中融新动力混合A,0.36%,3.57%,4.46%,4.76%,--,10.10%
001412,德邦鑫星价值灵活配置混合A,0.04%,2.27%,4.28%,6.09%,--,8.84%
001414,中融新动力混合C,0.28%,3.47%,4.27%,4.17%,--,7.40%
001415,信诚新锐混合A,-0.11%,0.11%,-0.32%,-0.96%,--,-7.00%
001416,嘉实事件驱动股票,-0.37%,4.62%,-2.04%,-3.21%,--,-18.50%
001417,汇添富医疗服务混合,1.09%,2.96%,2.58%,-4.02%,--,-16.50%
001418,泰达宏利创益混合A,0.45%,4.13%,4.92%,6.02%,--,10.90%
001419,泰达宏利新思路混合A,0.47%,3.48%,4.59%,6.32%,--,11.32%
001420,南方大数据300A,-1.56%,8.24%,7.29%,14.11%,--,10.70%
001421,南方量化成长,2.46%,4.11%,-11.80%,-6.27%,--,16.60%
001422,景顺长城安享回报混合A,-0.09%,2.04%,2.90%,4.07%,--,10.00%
001423,景顺长城安享回报混合C,-0.09%,1.97%,2.74%,3.82%,--,8.80%
001425,博时新起点混合C,-1.49%,5.23%,6.96%,10.42%,--,10.34%
001424,博时新起点混合A,-1.47%,5.26%,7.03%,10.62%,--,11.63%
001426,南方大数据300C,-1.59%,8.15%,7.12%,13.76%,--,9.99%
001427,招商丰泽混合A,0.09%,3.06%,4.85%,4.85%,--,14.50%
001428,工银保本混合B,3.77%,-0.09%,-0.62%,2.55%,3.39%,--
001429,博时新财富混合A,-0.88%,-0.13%,-0.26%,1.11%,--,9.20%
001431,方正富邦优选灵活配置混合A,1.81%,9.63%,11.03%,15.46%,--,-4.40%
001433,易方达瑞景混合,0.00%,5.14%,8.18%,8.18%,--,8.50%
001437,易方达瑞享混合I,-0.30%,4.72%,-4.45%,3.91%,--,33.00%
001438,易方达瑞享混合E,-0.36%,4.69%,-4.54%,3.70%,--,9.40%
001430,中邮乐享收益灵活配置混合,0.17%,2.59%,4.07%,7.68%,--,15.00%
001444,易方达瑞选灵活配置混合E,-0.09%,3.68%,4.77%,5.98%,--,9.80%
001445,华安国企改革主题灵活配置混,4.66%,11.27%,4.48%,8.59%,--,21.40%
001446,招商丰泽混合C,0.00%,2.97%,4.57%,4.38%,--,14.40%
001447,天弘惠利混合,0.46%,2.84%,5.49%,5.68%,--,13.64%
001448,华商双翼平衡混合,-0.89%,1.82%,-2.36%,-0.98%,--,11.60%
001449,华商双驱优选混合,-1.35%,-1.25%,-4.93%,1.35%,--,21.22%
001450,东方稳定增利债券A,0.14%,2.05%,-0.35%,1.13%,--,7.20%
001451,东方稳定增利债券C,0.11%,1.95%,-0.55%,0.71%,--,6.39%
001453,鹏华弘鑫混合A,-0.16%,3.54%,2.87%,2.54%,--,7.97%
001454,鹏华弘鑫混合C,-0.21%,3.48%,2.75%,2.23%,--,6.87%
001455,景顺长城中证500ETF联接,1.75%,8.66%,-2.39%,-2.74%,--,-18.40%
001456,华泰柏瑞制造2025混合A,1.83%,11.86%,9.53%,6.95%,--,0.00%
001457,华商新常态混合,-2.69%,-4.81%,-12.70%,-15.02%,--,5.66%
001458,广发中证全指主要消费联接A,2.10%,8.53%,4.30%,9.56%,--,19.82%
001459,广发中证全指原材料联接A,2.83%,16.32%,2.89%,10.44%,--,14.92%
001460,广发中证全指能源ETF联接A,-0.57%,9.00%,0.67%,11.07%,--,-12.58%
001463,光大一带一路混合,1.14%,3.63%,0.00%,5.60%,--,-11.40%
001464,光大鼎鑫混合A,1.12%,5.68%,4.65%,4.35%,--,8.00%
001466,华富永鑫灵活配置混合A,0.53%,3.29%,4.44%,7.32%,--,12.90%
001467,华富永鑫灵活配置混合C,0.36%,3.08%,4.15%,6.97%,--,10.50%
001468,广发改革混合,0.95%,3.03%,-3.11%,-12.43%,--,-25.30%
001469,广发中证全指金融地产联接A,-0.76%,12.20%,9.94%,13.89%,--,0.83%
001470,融通通鑫灵活配置混合,0.20%,2.11%,1.80%,2.39%,--,5.06%
001471,融通新能源灵活配置混合,3.36%,0.44%,1.79%,6.96%,--,13.70%
001473,建信大安全战略精选股票,2.84%,8.51%,7.06%,13.78%,--,28.47%
001474,兴银丰盈灵活配置,-0.16%,5.72%,5.45%,7.09%,--,23.90%
001475,易方达国防军工混合,2.45%,7.21%,0.80%,-2.88%,--,-12.30%
001476,中银智能制造股票,-0.38%,6.42%,3.73%,1.96%,--,-22.10%
001477,泰康薪意保货币A,0.34%,1.03%,1.98%,3.31%,--,6.67%
001478,泰康薪意保货币B,0.36%,1.09%,2.10%,3.55%,--,7.23%
001479,中邮风格轮动灵活配置混合,-2.92%,5.29%,2.79%,-7.54%,--,11.32%
001480,财通成长优选混合,1.48%,4.33%,6.83%,-0.11%,--,-10.90%
001481,华宝兴业标普油气上游股票美元,-6.06%,-15.17%,-22.58%,-20.51%,--,-38.00%
001482,上投摩根新兴服务股票,-0.66%,9.10%,14.18%,10.59%,--,5.50%
001483,天弘喜利灵活配置混合,0.20%,1.29%,2.35%,--,--,4.01%
001484,天弘新价值混合,-1.89%,1.44%,1.39%,2.82%,--,10.35%
001485,华安添颐养老混合,0.00%,2.80%,2.21%,1.43%,--,6.40%
001487,宝盈优势产业混合,-2.34%,6.84%,11.11%,1.63%,--,13.95%
001488,万家瑞丰灵活配置混合A,0.72%,4.62%,4.48%,5.86%,--,13.83%
001489,万家瑞丰灵活配置混合C,0.70%,4.25%,4.04%,5.21%,--,10.38%
001490,汇添富国企创新股票,1.50%,10.31%,7.29%,5.29%,--,1.60%
001491,国泰生益灵活配置混合A,1.58%,7.67%,4.38%,16.80%,--,19.37%
001492,鹏华弘锐混合A,0.97%,3.59%,3.44%,2.97%,--,8.37%
001493,鹏华弘锐混合C,0.97%,3.49%,3.26%,2.63%,--,85.41%
001494,信诚新鑫混合A,-0.07%,3.19%,2.34%,2.90%,--,48.80%
001495,东方新价值混合A,0.20%,4.37%,3.28%,2.02%,--,12.97%
001496,工银聚焦30股票,1.46%,-1.42%,-13.61%,-16.72%,--,-23.80%
001497,大成月添利债券E,0.36%,1.04%,1.87%,3.36%,--,7.24%
001498,建信鑫荣回报灵活配置混合,0.67%,6.53%,7.28%,--,--,7.83%
001499,国投瑞银新增长混合,0.46%,2.71%,3.28%,5.35%,--,12.82%
001500,泓德远见回报混合,2.91%,3.11%,-0.43%,0.72%,--,21.37%
001501,招商丰裕混合A,2.26%,4.11%,3.03%,2.54%,--,8.80%
001502,招商丰裕混合C,0.85%,2.59%,1.42%,0.75%,--,6.90%
001503,南方利鑫C,0.00%,2.13%,2.70%,4.25%,--,9.53%
001504,南方利淘C,-0.18%,1.83%,2.78%,4.82%,--,10.12%
001505,南方利众C,0.88%,1.96%,0.70%,2.50%,--,14.26%
001506,景顺长城泰和回报混合A,-0.18%,1.87%,3.03%,4.11%,--,8.80%
001507,景顺长城泰和回报混合C,-0.18%,1.78%,3.04%,3.93%,--,7.11%
001508,富国新动力灵活配置混合A,-0.25%,1.72%,3.94%,5.89%,--,18.60%
001510,富国新动力灵活配置混合C,-0.25%,1.64%,3.79%,5.65%,--,17.90%
001511,兴全新视野定开混合,0.35%,6.11%,3.80%,7.50%,--,14.70%
001512,易方达中债3-5年期国债指,0.00%,0.57%,-0.65%,-1.11%,--,6.50%
001513,易方达信息产业混合,3.00%,6.09%,12.05%,--,--,9.70%
001515,平安大华新鑫先锋C,-1.41%,6.57%,3.42%,-6.82%,--,-36.83%
001516,大成月月盈短期理财债券E,0.39%,1.12%,2.11%,3.64%,--,7.86%
001517,大成景裕灵活配置混合A,-0.27%,1.29%,1.95%,1.95%,--,9.70%
001518,万家瑞兴,-2.93%,7.52%,1.88%,8.23%,--,94.60%
001521,国寿安保成长优选股票,0.18%,7.84%,9.03%,16.74%,--,18.84%
001522,博时新策略灵活配置混合A,0.19%,1.60%,2.45%,2.67%,--,8.07%
001523,博时新策略灵活配置混合C,-0.19%,1.98%,--,--,--,2.80%
001524,华泰柏瑞精选回报混合,0.32%,4.77%,4.30%,5.71%,--,7.23%
001526,鑫元安鑫宝货币A,0.35%,1.08%,1.40%,1.40%,--,1.40%
001527,鑫元安鑫宝货币B,0.33%,1.02%,1.92%,3.32%,--,6.33%
001528,诺安先进制造股票,0.88%,5.40%,7.28%,15.69%,--,26.80%
001529,天弘云商宝,0.35%,1.04%,2.02%,3.52%,--,6.09%
001530,万家瑞富灵活配置混合,0.53%,1.91%,2.07%,--,--,3.55%
001531,招商安益保本混合,8.40%,0.56%,1.88%,1.78%,1.50%,--
001532,华安文体健康混合,1.59%,--,--,--,--,2.10%
001533,华泰柏瑞爱利混合,-0.11%,4.64%,5.73%,--,--,8.27%
001534,华宝万物互联混合,1.54%,7.05%,3.13%,-3.54%,--,-21.00%
001535,景顺长城改革机遇灵活配置混合,-0.28%,0.65%,2.76%,9.63%,--,8.10%
001536,南方君选,0.45%,4.52%,6.11%,11.38%,--,16.06%
001537,中加改革红利混合,-0.11%,2.22%,1.63%,3.52%,--,11.68%
001538,上投摩根科技前沿灵活配置混,-0.39%,5.52%,11.32%,5.74%,--,1.30%
001539,嘉实中证金融地产ETF联接,-0.96%,11.97%,7.75%,9.06%,--,20.83%
001540,浙商汇金转型驱动,-1.69%,7.52%,3.55%,-5.72%,--,-24.20%
001541,汇添富民营新动力股票,0.00%,8.68%,7.94%,0.42%,--,-4.80%
001542,国泰互联网+股票,2.77%,20.93%,30.52%,38.16%,--,74.50%
001543,宝盈新锐混合,-2.43%,8.40%,13.37%,13.04%,--,16.20%
001545,博时裕嘉纯债,0.15%,0.91%,1.29%,1.72%,--,3.41%
001546,博时裕盈纯债债券,0.03%,2.03%,1.35%,-0.02%,--,5.07%
001547,兴业聚惠灵活配置混合A,-0.59%,1.28%,1.63%,2.34%,--,18.30%
001548,天弘上证50指数A,-0.01%,12.20%,13.12%,19.73%,--,2.08%
001549,天弘上证50指数C,-0.03%,12.15%,13.00%,19.45%,--,1.46%
001550,天弘中证医药100A,1.71%,1.08%,-4.70%,-8.63%,--,-27.26%
001551,天弘中证医药100C,1.67%,1.01%,-4.84%,-8.86%,--,-27.64%
001552,天弘中证证券保险A,-0.12%,14.31%,9.02%,8.18%,--,-17.73%
001553,天弘中证证券保险C,-0.13%,14.23%,8.89%,7.90%,--,-18.19%
001554,天弘中证全指运输A,0.77%,6.65%,1.99%,5.98%,--,-32.33%
001555,天弘中证全指运输C,0.75%,6.59%,1.86%,5.72%,--,-32.71%
001556,天弘中证全指房地产A,-1.57%,5.31%,-3.30%,-6.89%,--,-23.48%
001557,天弘中证全指房地产C,-1.59%,5.24%,-3.40%,-7.12%,--,-23.95%
001558,天弘中证大宗商品股票指数A,1.84%,21.64%,5.37%,10.57%,--,-16.86%
001559,天弘中证大宗商品股票指数C,1.82%,21.58%,5.25%,10.30%,--,-17.34%
001560,天弘中证移动互联网A,3.29%,7.68%,0.13%,-8.78%,--,-39.03%
001561,天弘中证移动互联网C,3.26%,7.60%,-0.02%,-9.01%,--,-39.42%
001563,华富健康文娱灵活配置混合,-2.21%,3.92%,-2.62%,-5.78%,--,-7.10%
001564,东方红京东大数据混合,0.23%,8.64%,7.50%,17.96%,--,33.30%
001565,永赢量化混合发起式,-0.61%,-1.09%,-0.37%,-2.97%,--,-18.20%
001566,南方利达A,0.00%,1.80%,1.60%,3.86%,--,7.70%
001567,南方利达C,0.00%,1.99%,1.70%,3.96%,--,7.70%
001568,泰达宏利增利混合,1.44%,3.36%,-1.11%,-1.60%,--,-1.60%
001569,泰信国策驱动灵活配置混合,2.08%,11.36%,-5.43%,-6.78%,--,-21.60%
001570,南方利安A,0.57%,1.64%,0.48%,2.43%,--,5.50%
001571,嘉合磐石A,0.18%,-0.36%,0.18%,-0.54%,--,11.20%
001572,嘉合磐石C,0.27%,0.82%,1.47%,0.64%,--,10.30%
001574,中海混改红利混合,2.35%,12.53%,17.44%,5.77%,--,-8.40%
001575,兴银稳健债券,0.16%,1.58%,1.27%,-1.60%,--,0.56%
001576,国泰智能装备股票,0.78%,--,--,--,--,3.40%
001577,嘉实低价策略股票,1.92%,12.85%,5.59%,17.37%,--,11.50%
001578,博时裕瑞纯债债券,0.18%,1.08%,1.03%,0.81%,--,5.82%
001579,国泰大农业股票,-0.50%,--,--,--,--,0.10%
001580,南方利安C,0.57%,1.64%,0.38%,2.43%,--,5.50%
001581,华安沪港深通精选灵活配置混合,0.70%,13.47%,15.75%,--,--,15.40%
001582,大成景辉灵活配置混合A,-0.28%,1.34%,1.53%,2.32%,--,6.00%
001583,安信新常态股票,0.82%,17.54%,24.29%,20.06%,--,23.30%
001584,国投瑞银新活力灵活配置混合,0.28%,2.39%,2.49%,3.08%,--,7.51%
001585,国投瑞银新活力灵活配置混合,-0.57%,1.25%,1.15%,2.13%,--,5.81%
001586,天弘中证100指数A,-0.65%,10.55%,11.99%,17.54%,--,0.40%
001587,天弘中证100指数C,-0.67%,10.47%,11.86%,17.24%,--,-0.18%
001588,天弘中证800指数A,0.64%,10.49%,6.38%,8.44%,--,-12.07%
001589,天弘中证800指数C,0.63%,10.43%,6.27%,8.19%,--,-12.53%
001590,天弘中证环保产业A,2.76%,3.99%,-2.69%,-3.67%,--,-20.03%
001591,天弘中证环保产业C,2.75%,3.92%,-2.81%,-3.92%,--,-20.51%
001592,天弘创业板A,5.87%,1.06%,-7.37%,-18.21%,--,-28.62%
001593,天弘创业板C,5.87%,1.00%,-7.47%,-18.43%,--,-29.16%
001594,天弘中证银行指数A,-1.12%,13.45%,9.39%,13.12%,--,9.05%
001595,天弘中证银行指数C,-1.13%,13.40%,9.26%,12.86%,--,8.41%
001596,信诚新泽A,1.27%,--,--,--,--,3.40%
001597,招商丰融混合A,-0.33%,5.09%,9.03%,10.32%,--,21.90%
001598,招商丰融混合C,-0.25%,5.00%,8.93%,10.03%,--,19.60%
001599,天弘中证高端装备制造A,1.18%,7.96%,-1.04%,-1.40%,--,-9.63%
001600,天弘中证高端装备制造C,1.15%,7.85%,-1.20%,-1.68%,--,-10.19%
001601,鑫元鑫新收益灵活配置混合A,0.15%,1.66%,0.45%,-0.25%,--,3.35%
001602,鑫元鑫新收益灵活配置混合C,0.01%,1.52%,0.11%,-0.88%,--,1.70%
001603,易方达安盈回报混合,-0.69%,6.48%,14.89%,--,--,15.00%
001604,浙商汇金转型升级灵活配置混合,4.44%,11.04%,5.39%,2.47%,--,3.60%
001605,国富沪港深成长精选股票,4.91%,17.30%,6.62%,-2.09%,--,-1.70%
001606,农银工业4.0混合,0.01%,12.87%,12.37%,15.42%,--,20.12%
001607,英大策略优选A,1.63%,9.76%,3.19%,11.88%,--,16.58%
001608,英大策略优选C,1.60%,9.66%,2.98%,-1.82%,--,0.85%
001609,平安大华鑫享混合A,0.09%,5.85%,4.47%,6.76%,--,12.20%
001610,平安大华鑫享混合C,0.09%,5.82%,4.55%,6.82%,--,12.70%
001611,天弘中证休闲娱乐指数A,1.58%,-0.93%,-11.46%,-18.67%,--,-40.04%
001612,天弘中证休闲娱乐指数C,1.55%,-1.00%,-11.58%,-18.88%,--,-40.36%
001613,长城久祥保本,2.30%,0.10%,1.09%,0.89%,0.39%,--
001614,东方区域发展混合,1.72%,8.78%,-5.10%,--,--,-6.68%
001615,中欧睿尚定期开放混合,0.47%,2.40%,1.91%,1.52%,--,6.60%
001616,嘉实环保低碳股票,-0.44%,14.54%,9.69%,12.91%,--,34.70%
001617,天弘中证电子指数A,1.64%,6.24%,6.53%,1.89%,--,-6.54%
001618,天弘中证电子指数C,1.63%,6.17%,6.39%,1.62%,--,-7.08%
001620,嘉实新机遇混合发起式,0.82%,8.09%,7.98%,9.26%,--,10.90%
001621,国金金腾通货币C,0.28%,0.85%,1.62%,2.79%,--,5.03%
001622,新华鑫锐混合,-0.65%,6.18%,4.86%,--,--,8.89%
001623,兴业国企改革混合,1.66%,10.02%,9.81%,16.28%,--,16.40%
001624,兴业添天盈货币A,0.33%,0.97%,1.87%,3.42%,--,5.73%
001625,兴业添天盈货币B,0.35%,1.03%,1.99%,3.66%,--,6.24%
001626,国泰央企改革股票,-1.58%,11.53%,9.56%,23.17%,--,18.00%
001628,招商体育文化休闲股票,1.96%,4.14%,-2.50%,-5.80%,--,-22.00%
001629,天弘中证计算机指数A,7.18%,6.78%,-3.46%,-15.80%,--,-33.41%
001630,天弘中证计算机指数C,7.15%,6.72%,-3.59%,-16.02%,--,-33.74%
001631,天弘中证食品饮料指数A,2.24%,10.13%,8.88%,14.49%,--,25.29%
001632,天弘中证食品饮料指数C,2.21%,10.06%,8.75%,14.21%,--,24.68%
001633,万家瑞祥混合A,0.87%,2.93%,3.69%,--,--,4.91%
001634,万家瑞祥混合C,0.85%,2.88%,3.58%,--,--,4.75%
001635,万家瑞益灵活配置混合A,0.19%,2.55%,3.27%,8.15%,--,16.26%
001636,万家瑞益灵活配置混合C,0.17%,2.35%,2.88%,7.42%,--,14.70%
001637,嘉实腾讯自选股大数据策略股票,0.82%,13.61%,1.28%,2.30%,--,11.00%
001638,前海开源优势蓝筹股票C,-1.75%,8.00%,10.02%,13.13%,--,12.00%
001639,嘉实新常态混合A,-0.10%,1.94%,2.14%,2.44%,--,4.90%
001640,嘉实新常态混合C,-0.19%,1.86%,1.86%,1.96%,--,4.10%
001641,富国绝对收益多策略混合,0.77%,0.97%,1.86%,3.17%,--,4.10%
001643,汇丰晋信智造先锋股票A,0.28%,9.08%,-5.46%,-0.89%,--,-2.49%
001644,汇丰晋信智造先锋股票C,0.25%,8.95%,-5.52%,-1.24%,--,-3.34%
001645,国泰大健康股票,1.91%,6.94%,15.00%,15.89%,--,49.50%
001647,天弘聚利灵活配置混合,-0.04%,1.49%,3.90%,--,--,5.75%
001648,工银新价值灵活配置混合,-0.40%,0.10%,--,--,--,0.20%
001649,工银工业4.0股票,0.60%,--,--,--,--,1.30%
